Rk,Player,Age,Team,Pos,G,GS,MP,FG,FGA,FG%,3P,3PA,3P%,2P,2PA,2P%,eFG%,FT,FTA,FT%,ORB,DRB,TRB,AST,STL,BLK,TOV,PF,PTS,Awards
1,Shai Gilgeous-Alexander,26,OKC,PG,76,76,34.2,11.3,21.8,0.519,2.1,5.7,0.375,9.2,16.1,0.571,0.569,7.9,8.8,0.898,0.9,4.1,5,6.4,1.7,1,2.4,2.2,32.7,
2,Giannis Antetokounmpo,30,MIL,PF,67,67,34.2,11.8,19.7,0.601,0.2,0.9,0.222,11.6,18.7,0.62,0.607,6.5,10.6,0.617,2.2,9.7,11.9,6.5,0.9,1.2,3.1,2.3,30.4,
3,Nikola Joki?,29,DEN,C,69,69,36.8,11.3,19.6,0.575,2,4.7,0.414,9.3,14.9,0.626,0.625,5.2,6.5,0.802,2.9,9.9,12.8,10.3,1.8,0.6,3.3,2.3,29.8,
4,Luka Don?i?,25,2TM,PG,50,50,35.4,9.2,20.5,0.45,3.5,9.6,0.368,5.7,10.9,0.522,0.536,6.2,7.9,0.782,0.8,7.4,8.2,7.7,1.8,0.4,3.6,2.5,28.2,
4,Luka Don?i?,25,DAL,PG,22,22,35.7,9.8,21.2,0.464,3.4,9.6,0.354,6.4,11.5,0.555,0.544,5.1,6.6,0.767,0.7,7.6,8.3,7.8,2,0.4,3.4,2.6,28.1,
4,Luka Don?i?,25,LAL,PG,28,28,35.1,8.8,20,0.438,3.6,9.6,0.379,5.1,10.4,0.493,0.53,7,8.9,0.791,0.9,7.2,8.1,7.5,1.6,0.4,3.7,2.4,28.2,
5,Anthony Edwards,23,MIN,SG,78,78,36.3,9.1,20.3,0.447,4,10.2,0.395,5,10.1,0.499,0.546,5.2,6.3,0.836,0.8,4.9,5.7,4.5,1.1,0.6,3.2,1.9,27.4,
6,Jayson Tatum,26,BOS,PF,72,72,36.4,9.2,20.3,0.452,3.5,10.1,0.343,5.7,10.2,0.559,0.537,5,6.1,0.814,0.7,8,8.7,6,1.1,0.5,2.9,2.2,26.8,
7,Kevin Durant,36,PHO,PF,62,62,36.5,9.5,18.1,0.527,2.6,6,0.43,7,12.1,0.574,0.598,4.9,5.8,0.839,0.4,5.7,6,4.2,0.8,1.2,3.1,1.7,26.6,
8,Tyrese Maxey,24,PHI,PG,52,52,37.7,9.2,21,0.437,3.1,9.2,0.337,6.1,11.8,0.515,0.511,4.9,5.6,0.879,0.3,3.1,3.3,6.1,1.8,0.4,2.4,2.2,26.3,
9,Cade Cunningham,23,DET,PG,70,70,35,9.8,20.8,0.469,2.1,6,0.356,7.6,14.8,0.515,0.521,4.5,5.3,0.846,0.8,5.3,6.1,9.1,1,0.8,4.4,2.8,26.1,
10,Jalen Brunson,28,NYK,PG,65,65,35.4,9,18.5,0.488,2.3,6.1,0.383,6.7,12.4,0.539,0.551,5.7,6.9,0.821,0.4,2.5,2.9,7.3,0.9,0.1,2.5,2.1,26,
11,Paolo Banchero,22,ORL,PF,46,46,34.4,9,19.8,0.452,1.9,5.9,0.32,7.1,13.9,0.509,0.5,6.1,8.4,0.727,1.1,6.4,7.5,4.8,0.8,0.6,3,2.1,25.9,
12,Devin Booker,28,PHO,SG,75,75,37.3,8.7,18.9,0.461,2.4,7.3,0.332,6.3,11.6,0.542,0.525,5.8,6.4,0.894,1,3.1,4.1,7.1,0.9,0.2,2.9,2.6,25.6,
13,LaMelo Ball,23,CHO,PG,47,47,32,8.6,21.3,0.405,3.8,11.2,0.339,4.8,10.1,0.478,0.494,4.1,4.9,0.843,1,3.9,4.9,7.4,1.1,0.3,3.6,3.3,25.2,
14,Damian Lillard,34,MIL,PG,58,58,36.1,7.7,17.1,0.448,3.4,9,0.376,4.3,8.1,0.528,0.547,6.2,6.8,0.921,0.5,4.2,4.7,7.1,1.2,0.2,2.8,1.7,24.9,
15,Anthony Davis,31,2TM,PF,51,51,33.5,9.2,17.8,0.516,0.7,2.4,0.282,8.5,15.4,0.553,0.536,5.6,7.2,0.775,2.6,8.9,11.6,3.5,1.2,2.2,2.2,1.9,24.7,
15,Anthony Davis,31,LAL,C,42,42,34.3,9.5,18,0.528,0.7,2.2,0.298,8.9,15.8,0.56,0.546,6,7.6,0.788,2.8,9,11.9,3.4,1.3,2.1,2.2,2,25.7,
15,Anthony Davis,31,DAL,PF,9,9,29.6,7.8,16.9,0.461,0.8,3.3,0.233,7,13.6,0.516,0.484,3.7,5.3,0.688,1.7,8.4,10.1,4.4,0.6,2.2,2.2,1.8,20,
16,Kyrie Irving,32,DAL,SG,50,50,36.1,8.9,18.9,0.473,2.9,7.2,0.401,6.1,11.7,0.517,0.549,3.9,4.3,0.916,1.2,3.6,4.8,4.6,1.3,0.5,2.2,2,24.7,
17,Zion Williamson,24,NOP,PF,30,30,28.6,9.6,16.9,0.567,0.1,0.4,0.231,9.5,16.5,0.576,0.57,5.3,8,0.656,2.5,4.7,7.2,5.3,1.2,0.9,3,2.7,24.6,
18,Stephen Curry,36,GSW,PG,69,69,32.1,8,17.9,0.447,4.4,11.2,0.394,3.6,6.8,0.536,0.57,3.9,4.2,0.931,0.6,3.9,4.4,6,1.1,0.4,2.8,1.3,24.4,
19,LeBron James,40,LAL,SF,70,70,34.9,9.3,18.1,0.513,2.1,5.7,0.376,7.2,12.5,0.574,0.571,3.7,4.7,0.782,1,6.8,7.8,8.2,1,0.6,3.7,1.4,24.4,
20,Karl-Anthony Towns,29,NYK,C,72,72,35,8.9,16.9,0.526,2,4.7,0.42,6.9,12.2,0.567,0.584,4.7,5.7,0.829,2.9,9.8,12.8,3.1,1,0.7,2.7,3.5,24.4,
21,Victor Wembanyama,21,SAS,C,46,46,33.2,8.9,18.6,0.476,3.1,8.8,0.352,5.8,9.9,0.586,0.559,3.4,4.1,0.836,1.8,9.2,11,3.7,1.1,3.8,3.2,2.3,24.3,
22,Franz Wagner,23,ORL,SF,60,60,33.7,9,19.4,0.463,1.7,5.9,0.295,7.2,13.5,0.535,0.507,4.5,5.2,0.871,0.9,4.8,5.7,4.7,1.3,0.4,2.3,2.5,24.2,
23,Trae Young,26,ATL,PG,76,76,36,7.4,18.1,0.411,2.9,8.4,0.34,4.6,9.7,0.474,0.491,6.5,7.4,0.875,0.5,2.6,3.1,11.6,1.2,0.2,4.7,1.9,24.2,
24,Donovan Mitchell,28,CLE,SG,71,71,31.4,8.2,18.6,0.443,3.3,8.9,0.368,5,9.7,0.512,0.531,4.2,5.1,0.823,0.8,3.7,4.5,5,1.3,0.2,2.1,2,24,
25,Cam Thomas,23,BRK,SG,25,23,31.2,8,18.2,0.438,2.7,7.8,0.349,5.2,10.4,0.506,0.513,5.3,6,0.881,0.6,2.7,3.3,3.8,0.6,0.1,2.5,1.8,24,
26,Tyler Herro,25,MIA,SG,77,77,35.4,8.5,17.9,0.472,3.3,8.7,0.375,5.2,9.2,0.565,0.563,3.7,4.2,0.878,0.5,4.7,5.2,5.5,0.9,0.2,2.6,1.1,23.9,
27,Joel Embiid,30,PHI,C,19,19,30.2,7.4,16.6,0.444,1.2,4.1,0.299,6.2,12.5,0.492,0.481,7.8,8.9,0.882,1.9,6.3,8.2,4.5,0.7,0.9,3.3,2.2,23.8,
28,De'Aaron Fox,27,2TM,PG,62,62,36.1,8.7,18.8,0.463,1.9,6.1,0.31,6.8,12.6,0.538,0.514,4.2,5.1,0.827,0.9,3.9,4.8,6.3,1.5,0.4,2.8,2.6,23.5,
28,De'Aaron Fox,27,SAC,PG,45,45,37,9.2,19.6,0.469,2,6.4,0.322,7.2,13.3,0.539,0.521,4.5,5.5,0.829,1,4,5,6.1,1.5,0.4,3,2.6,25,
28,De'Aaron Fox,27,SAS,PG,17,17,34,7.4,16.5,0.446,1.5,5.6,0.274,5.8,10.9,0.535,0.493,3.5,4.2,0.819,0.5,3.8,4.3,6.8,1.5,0.3,2.4,2.7,19.7,
29,Zach LaVine,29,2TM,SF,73,73,35.3,8.5,16.6,0.511,3.2,7.3,0.443,5.3,9.3,0.563,0.608,3.2,3.9,0.825,0.3,4,4.3,4.2,0.8,0.2,2.8,1.7,23.4,
29,Zach LaVine,29,CHI,SF,42,42,34.1,8.6,16.9,0.511,3.2,7.3,0.446,5.4,9.6,0.56,0.607,3.5,4.3,0.797,0.3,4.5,4.8,4.5,0.9,0.2,2.9,1.5,24,
29,Zach LaVine,29,SAC,SG,31,31,36.9,8.3,16.2,0.51,3.2,7.3,0.44,5.1,8.9,0.567,0.609,2.9,3.3,0.874,0.3,3.3,3.6,3.8,0.6,0.1,2.7,1.8,22.6,
30,Ja Morant,25,MEM,PG,50,50,30.4,8.1,17.8,0.454,1.8,5.7,0.309,6.3,12.1,0.523,0.504,5.3,6.4,0.824,0.7,3.4,4.1,7.3,1.2,0.2,3.7,2.3,23.2,
31,James Harden,35,LAC,PG,78,78,35.1,6.6,16.3,0.407,2.9,8.5,0.348,3.7,7.8,0.471,0.498,6.4,7.3,0.873,0.7,5.1,5.8,8.7,1.5,0.7,4.3,2,22.6,
32,DeMar DeRozan,35,SAC,SF,76,76,36.1,8.2,17.1,0.477,1.1,3.4,0.328,7.1,13.7,0.514,0.51,5,5.8,0.857,0.7,3.3,3.9,4.4,0.8,0.4,1.4,2,22.4,
33,Jaylen Brown,28,BOS,SF,63,63,34.3,8.2,17.7,0.463,1.8,5.7,0.324,6.4,12.1,0.529,0.515,3.9,5.1,0.764,1.3,4.5,5.8,4.5,1.2,0.3,2.6,2.4,22.2,
34,Brandon Ingram,27,NOP,SF,18,18,33.1,8.6,18.5,0.465,2.4,6.4,0.374,6.2,12.1,0.514,0.53,2.6,3.1,0.855,0.9,4.6,5.6,5.2,0.9,0.6,3.8,2.5,22.2,
35,Jaren Jackson Jr.,25,MEM,C,74,74,29.8,8,16.4,0.488,2,5.3,0.375,6,11.1,0.541,0.548,4.2,5.4,0.781,1.2,4.4,5.6,2,1.2,1.5,2.1,3.5,22.2,
36,Norman Powell,31,LAC,SG,59,59,32.4,7.7,15.8,0.486,3,7.2,0.422,4.7,8.6,0.539,0.582,3.6,4.5,0.802,0.4,2.8,3.2,2.1,1.2,0.2,1.8,1.9,21.9,
37,Jalen Williams,23,OKC,SG,69,69,32.4,8.2,16.9,0.484,1.8,4.9,0.365,6.4,12,0.533,0.537,3.4,4.3,0.789,0.9,4.5,5.3,5.1,1.6,0.7,2.2,2.3,21.6,
38,Jamal Murray,27,DEN,PG,66,66,36.3,8,16.7,0.475,2.3,6,0.394,5.6,10.8,0.52,0.545,3.3,3.7,0.885,0.7,3.2,3.8,6.1,1.4,0.5,2.1,1.9,21.5,
39,Jalen Green,22,HOU,SG,81,81,33,7.5,17.7,0.425,2.9,8.1,0.355,4.6,9.5,0.486,0.507,3.3,4.1,0.811,0.6,4.1,4.6,3.5,0.9,0.3,2.5,1.6,21.2,
40,Kawhi Leonard,33,LAC,SF,36,36,31.5,8.3,16.8,0.493,2.1,5.1,0.407,6.2,11.7,0.53,0.554,2.6,3.2,0.819,1,4.9,5.9,3,1.6,0.5,1.9,1.5,21.2,
41,Trey Murphy III,24,NOP,SF,53,51,35,7.2,15.8,0.454,3,8.3,0.361,4.2,7.6,0.556,0.548,3.8,4.3,0.887,0.9,4.2,5.1,3.5,1.1,0.7,1.9,2.1,21.2,
42,RJ Barrett,24,TOR,SF,58,58,32.2,7.9,16.9,0.468,1.8,5.3,0.35,6.1,11.7,0.522,0.523,3.4,5.4,0.63,1.1,5.3,6.3,5.4,0.8,0.3,2.8,2.4,21.1,
43,CJ McCollum,33,NOP,PG,56,56,32.7,7.9,17.9,0.444,3.1,8.2,0.373,4.9,9.7,0.505,0.53,2.2,3.1,0.717,0.8,3,3.8,4.1,0.8,0.4,1.9,2.2,21.1,
44,Brandon Miller,22,CHO,SF,27,27,34.2,7.3,18.2,0.403,3.9,10.9,0.355,3.5,7.3,0.475,0.509,2.5,2.9,0.861,0.9,3.9,4.9,3.6,1.1,0.7,2.8,2.7,21,
45,Darius Garland,25,CLE,PG,75,75,30.7,7.4,15.7,0.472,2.8,7.1,0.401,4.6,8.6,0.53,0.562,3,3.4,0.878,0.6,2.2,2.9,6.7,1.2,0.1,2.5,1.9,20.6,
46,Coby White,24,CHI,SG,73,72,33.3,6.9,15.3,0.455,3,8,0.371,4,7.3,0.546,0.552,3.8,4.2,0.902,0.3,3.3,3.7,4.5,0.9,0.2,2.4,2.1,20.6,
47,Jordan Poole,25,WAS,SG,68,68,29.4,6.7,15.5,0.432,3.5,9.1,0.378,3.3,6.4,0.51,0.544,3.6,4,0.883,0.5,2.5,3,4.5,1.3,0.4,3,3,20.5,
48,Miles Bridges,26,CHO,PF,64,64,31.7,7.3,17,0.431,2.2,7,0.313,5.1,10,0.513,0.495,3.5,4,0.87,1.1,6.4,7.5,3.9,0.7,0.7,2.1,1.5,20.3,
49,Austin Reaves,26,LAL,SG,73,73,34.9,6.5,14.2,0.46,2.7,7.3,0.377,3.8,6.9,0.547,0.556,4.4,5,0.877,0.8,3.7,4.5,5.8,1.1,0.3,2.4,2.1,20.2,
50,Pascal Siakam,30,IND,PF,78,78,32.7,7.9,15.2,0.519,1.6,4.2,0.389,6.2,11,0.568,0.572,2.9,3.9,0.734,1.7,5.2,6.9,3.4,0.9,0.5,1.4,2.4,20.2,
51,Kristaps Porzi??is,29,BOS,C,42,42,28.8,6.6,13.7,0.483,2.5,6,0.412,4.1,7.7,0.537,0.572,3.8,4.7,0.809,1.6,5.1,6.8,2.1,0.7,1.5,1.3,2.8,19.5,
52,Anfernee Simons,25,POR,SG,70,70,32.7,6.8,16.1,0.426,3.1,8.5,0.363,3.8,7.6,0.496,0.521,2.5,2.8,0.902,0.4,2.3,2.7,4.8,0.9,0.1,2,1.7,19.3,
53,Desmond Bane,26,MEM,SG,69,68,32,7.1,14.8,0.484,2.4,6.1,0.392,4.8,8.7,0.548,0.565,2.6,2.9,0.894,0.9,5.2,6.1,5.3,1.2,0.4,2.4,2.4,19.2,
54,Alperen ?eng?n,22,HOU,C,75,75,31.6,7.5,15.1,0.496,0.3,1.2,0.233,7.2,13.9,0.519,0.505,3.9,5.7,0.692,3.5,6.9,10.4,4.9,1.1,0.8,2.6,2.8,19.2,
55,Domantas Sabonis,28,SAC,C,69,69,34.9,7.5,12.8,0.588,0.9,2.2,0.401,6.6,10.6,0.627,0.622,3.2,4.2,0.754,3.8,10.1,13.9,6,0.7,0.4,2.9,3.3,19.1,
56,Scottie Barnes,23,TOR,PF,64,64,32.8,7.2,16.3,0.441,1.2,4.3,0.266,6,11.9,0.505,0.477,3.5,4.7,0.755,1.7,6,7.7,5.8,1.5,1,2.8,1.8,19,
57,John Collins,27,UTA,PF,40,31,30.5,7,13.3,0.527,1.5,3.7,0.399,5.5,9.6,0.577,0.583,3.5,4.1,0.848,2.2,6,8.2,2,1,1,2.6,2.9,19,
58,Lauri Markkanen,27,UTA,PF,47,47,31.4,6.3,14.9,0.423,2.9,8.5,0.346,3.4,6.4,0.525,0.521,3.4,3.9,0.876,1.5,4.4,5.9,1.5,0.7,0.4,1.4,1.7,19,
59,Jalen Johnson,23,ATL,SF,36,36,35.7,7.5,15.1,0.5,1.2,3.9,0.312,6.3,11.1,0.566,0.541,2.6,3.5,0.746,1.7,8.3,10,5,1.6,1,2.9,1.9,18.9,
60,Cameron Johnson,28,BRK,PF,57,57,31.6,6.2,13.1,0.475,2.8,7.2,0.39,3.4,5.9,0.578,0.582,3.5,3.9,0.893,0.9,3.4,4.3,3.4,0.9,0.4,1.7,1.8,18.8,
61,Julius Randle,30,MIN,PF,68,68,32.3,6.6,13.6,0.485,1.6,4.6,0.347,5,9.1,0.554,0.543,4,4.9,0.806,2.1,4.9,7,4.7,0.7,0.2,2.8,2.5,18.8,
62,Tyrese Haliburton,24,IND,PG,73,73,33.6,6.5,13.8,0.473,3,7.7,0.388,3.5,6.1,0.581,0.582,2.6,3,0.851,0.6,3,3.5,9.2,1.4,0.7,1.6,1.3,18.6,
63,Nikola Vu?evi?,34,CHI,C,72,71,31.4,7.6,14.3,0.532,1.8,4.4,0.403,5.8,9.8,0.59,0.595,1.6,2,0.803,2.4,7.7,10.1,3.6,0.8,0.7,1.6,2.3,18.6,
64,Evan Mobley,23,CLE,PF,71,71,30.5,7.1,12.8,0.557,1.2,3.2,0.37,5.9,9.5,0.621,0.604,3.1,4.3,0.725,2.3,7,9.3,3.2,0.9,1.6,2,2,18.5,
65,Shaedon Sharpe,21,POR,SG,72,52,31.3,6.9,15.3,0.452,2,6.6,0.311,4.9,8.8,0.557,0.519,2.6,3.4,0.785,0.9,3.6,4.5,2.8,0.9,0.2,2.1,1.7,18.5,
66,Collin Sexton,26,UTA,SG,63,61,27.9,6.6,13.8,0.48,1.7,4.3,0.406,4.9,9.5,0.513,0.543,3.4,4,0.865,1,1.8,2.7,4.2,0.7,0.1,2.5,2.3,18.4,
67,Bam Adebayo,27,MIA,C,78,78,34.3,6.9,14.3,0.485,1,2.8,0.357,5.9,11.4,0.517,0.521,3.2,4.2,0.765,2.4,7.2,9.6,4.3,1.3,0.7,2.1,2.1,18.1,
68,Michael Porter Jr.,26,DEN,SF,76,76,33.7,6.8,13.6,0.502,2.5,6.4,0.393,4.3,7.3,0.597,0.594,2,2.6,0.768,1.8,5.2,7,2.2,0.7,0.5,1.4,2,18.1,
69,Andrew Wiggins,29,2TM,SF,60,60,30.7,6.3,14,0.448,2.2,5.8,0.374,4.1,8.2,0.501,0.526,3.3,4.3,0.763,1.5,3,4.5,2.6,1,0.8,1.7,1.7,18,
69,Andrew Wiggins,29,GSW,SF,43,43,30.1,6.1,13.7,0.444,2.2,5.8,0.379,3.9,7.9,0.491,0.524,3.2,4.2,0.777,1.5,3,4.6,2.4,0.9,0.8,1.3,1.6,17.6,
69,Andrew Wiggins,29,MIA,SF,17,17,32.1,6.8,14.8,0.458,2.1,5.9,0.36,4.6,8.9,0.523,0.53,3.4,4.6,0.731,1.4,2.9,4.2,3.3,1.2,1,2.5,1.8,19,
70,OG Anunoby,27,NYK,PF,74,74,36.6,6.6,13.9,0.476,2.3,6.2,0.372,4.3,7.7,0.561,0.559,2.5,3.1,0.81,1.3,3.5,4.8,2.2,1.5,0.9,1.4,2.3,18,
71,Mikal Bridges,28,NYK,SF,81,81,37.5,7.3,14.6,0.5,2,5.7,0.354,5.3,8.9,0.594,0.57,1.2,1.5,0.814,0.9,2.3,3.2,3.8,0.9,0.5,1.6,1.6,17.8,
72,Jaden Ivey,22,DET,SG,30,30,29.9,6.3,13.8,0.46,2.1,5.1,0.409,4.2,8.6,0.49,0.536,2.8,3.9,0.733,1.3,2.8,4.1,4,0.9,0.4,3,2.2,17.6,
73,Dejounte Murray,28,NOP,PG,31,31,32.6,6.3,15.9,0.393,1.7,5.6,0.299,4.6,10.3,0.444,0.445,3.3,4,0.823,0.5,5.9,6.5,7.4,2,0.4,3.4,2,17.5,
74,Jimmy Butler,35,2TM,SF,54,54,31.4,5.4,10.7,0.501,0.6,1.9,0.314,4.8,8.8,0.541,0.529,6,7.1,0.846,2.3,3.1,5.5,5.4,1.4,0.3,1.4,0.9,17.3,
74,Jimmy Butler,35,MIA,PF,25,25,30.6,5.7,10.5,0.54,0.5,1.4,0.361,5.2,9.1,0.568,0.565,5.2,6.4,0.801,2.2,3,5.2,4.8,1.1,0.4,1.2,0.9,17,
74,Jimmy Butler,35,GSW,SF,29,29,32.1,5.1,10.8,0.468,0.7,2.3,0.288,4.4,8.6,0.516,0.498,6.7,7.7,0.878,2.4,3.2,5.7,5.8,1.7,0.2,1.5,1,17.5,
75,Malik Monk,26,SAC,SG,65,45,31.6,6.3,14.4,0.439,2.1,6.6,0.325,4.2,7.9,0.534,0.513,2.4,2.7,0.865,0.5,3.3,3.8,5.6,0.9,0.6,2.4,2.4,17.2,
76,Immanuel Quickley,25,TOR,PG,33,33,27.8,5.6,13.3,0.42,2.6,6.8,0.378,3,6.5,0.465,0.517,3.4,3.9,0.867,0.5,3.1,3.5,5.8,0.7,0.1,1.8,1.8,17.1,
77,De'Andre Hunter,27,2TM,SF,64,9,27.2,5.6,11.9,0.47,2.5,6.1,0.405,3.1,5.8,0.537,0.573,3.4,4,0.846,0.7,3.3,4,1.4,0.8,0.2,1.3,2.4,17,
77,De'Andre Hunter,27,ATL,SF,37,4,28.8,6.1,13.3,0.461,2.6,6.7,0.393,3.5,6.6,0.531,0.56,4.1,4.8,0.858,0.7,3.2,3.9,1.5,0.8,0.1,1.6,2.4,19,
77,De'Andre Hunter,27,CLE,SF,27,5,25,4.9,10,0.485,2.2,5.2,0.426,2.6,4.8,0.55,0.596,2.4,2.9,0.821,0.6,3.6,4.2,1.3,0.7,0.3,0.9,2.5,14.3,
78,Bradley Beal,31,PHO,SG,53,38,32.1,6.5,13.1,0.497,1.9,5,0.386,4.6,8.1,0.565,0.571,2.1,2.6,0.803,0.6,2.7,3.3,3.7,1.1,0.5,1.9,2.6,17,
79,Deni Avdija,24,POR,SF,72,54,30,5.6,11.7,0.476,1.7,4.8,0.365,3.8,7,0.552,0.55,4,5.2,0.78,1.5,5.7,7.3,3.9,1,0.5,2.7,2.4,16.9,
80,Keyonte George,21,UTA,PG,66,34,31.2,5.3,13.6,0.394,2.6,7.6,0.349,2.7,6,0.451,0.491,3.5,4.3,0.819,0.4,3.4,3.8,5.6,0.7,0.1,2.7,1.7,16.8,
81,Ivica Zubac,27,LAC,C,79,79,32.7,7.4,11.7,0.627,0,0,,7.4,11.7,0.627,0.627,2,3,0.661,3.7,8.8,12.6,2.7,0.7,1.1,1.6,2.1,16.7,
82,Derrick White,30,BOS,SG,76,76,33.9,5.6,12.6,0.442,3.5,9.1,0.384,2.1,3.5,0.593,0.58,1.8,2.1,0.839,0.9,3.6,4.5,4.8,0.9,1.1,1.7,1.8,16.4,
83,Devin Vassell,24,SAS,SG,64,53,31,6.2,13.9,0.443,2.5,6.7,0.368,3.7,7.2,0.513,0.532,1.5,1.9,0.792,0.5,3.5,4,2.9,1.3,0.5,1.4,1.7,16.3,
84,Malik Beasley,28,DET,SG,81,18,28,5.6,13,0.429,3.9,9.3,0.413,1.7,3.7,0.467,0.576,1.2,1.7,0.679,0.6,2,2.6,1.7,0.9,0.1,1,1.5,16.2,
85,Jordan Clarkson,32,UTA,SG,37,9,26,5.4,13.3,0.408,2.3,6.3,0.362,3.2,7.1,0.448,0.493,3.1,3.9,0.797,0.7,2.5,3.2,3.7,0.8,0.2,2.3,1.4,16.2,
86,Paul George,34,PHI,PF,41,41,32.5,6,13.9,0.43,2.3,6.5,0.358,3.6,7.4,0.493,0.514,1.9,2.4,0.814,0.6,4.8,5.3,4.3,1.8,0.5,2.6,2.5,16.2,
87,Jalen Suggs,23,ORL,PG,35,35,28.6,5.6,13.7,0.41,2.2,6.9,0.314,3.5,6.8,0.506,0.489,2.8,3.1,0.882,0.7,3.4,4,3.7,1.5,0.9,2.9,2.8,16.2,
88,Bennedict Mathurin,22,IND,SF,72,49,29.8,5.4,11.8,0.458,1.4,4,0.34,4.1,7.8,0.519,0.516,3.8,4.6,0.831,1.2,4.1,5.3,1.9,0.7,0.3,1.9,2.3,16.1,
89,Myles Turner,28,IND,C,71,71,30.4,5.5,11.4,0.48,2.2,5.5,0.395,3.3,5.8,0.559,0.576,2.6,3.3,0.771,1.3,5.4,6.6,1.5,0.8,2,1.7,2.6,15.6,
90,Christian Braun,23,DEN,SG,78,76,33.9,6.1,10.4,0.58,1.1,2.9,0.399,4.9,7.6,0.648,0.635,2.2,2.7,0.825,1.2,3.9,5.2,2.6,1.1,0.5,1,2.2,15.5,
91,Jonathan Kuminga,22,GSW,PF,47,10,24.3,5.5,12.1,0.454,1,3.2,0.305,4.5,8.9,0.508,0.495,3.3,5,0.668,1.2,3.4,4.6,2.2,0.8,0.4,1.5,1.9,15.3,
92,Jared McCain,20,PHI,SG,23,8,25.7,5.5,11.9,0.46,2.2,5.8,0.383,3.3,6.1,0.532,0.553,2.1,2.4,0.875,0.6,1.9,2.4,2.6,0.7,0,1.6,1.6,15.3,
93,Mark Williams,23,CHO,C,44,41,26.6,6.1,10.2,0.604,0,0.1,0,6.1,10.1,0.609,0.604,3,3.7,0.804,3,7.2,10.2,2.5,0.7,1.2,1.6,2.4,15.3,
94,Kelly Oubre Jr.,29,PHI,SF,60,57,34.6,5.8,12.4,0.47,1.2,4,0.293,4.6,8.3,0.555,0.518,2.3,3.1,0.751,1.6,4.5,6.1,1.8,1.5,0.5,1.3,3,15.1,
95,Chet Holmgren,22,OKC,C,32,32,27.4,5.2,10.7,0.49,1.4,3.6,0.379,3.8,7,0.547,0.554,3.2,4.2,0.754,1.5,6.5,8,2,0.7,2.2,1.8,2.3,15,
96,Kyle Kuzma,29,2TM,PF,64,61,30.1,5.7,13.1,0.432,1.4,4.8,0.297,4.2,8.3,0.509,0.486,2,3.1,0.632,0.8,4.9,5.8,2.3,0.6,0.3,2.3,1.9,14.7,
96,Kyle Kuzma,29,WAS,PF,32,30,27.7,6,14.2,0.42,1.4,5,0.281,4.6,9.2,0.495,0.469,1.8,3.1,0.602,0.8,4.9,5.8,2.5,0.6,0.2,2.3,1.6,15.2,
96,Kyle Kuzma,29,MIL,PF,32,31,32.4,5.3,12,0.446,1.4,4.6,0.315,3.9,7.4,0.527,0.507,2.1,3.2,0.66,0.8,4.9,5.7,2.2,0.5,0.4,2.3,2.1,14.3,
97,P.J. Washington,26,DAL,PF,57,56,32.2,5.3,11.7,0.453,1.6,4.2,0.381,3.7,7.5,0.493,0.521,2.5,3.5,0.722,1.4,6.3,7.8,2.3,1.1,1.1,2.1,2.3,14.7,
98,Quentin Grimes,24,2TM,SG,74,36,26.7,5.1,10.9,0.471,2.2,5.6,0.393,3,5.4,0.552,0.571,2.2,2.9,0.755,0.8,3.5,4.3,3,1,0.3,1.9,1.8,14.6,
98,Quentin Grimes,24,DAL,SG,47,12,22.8,3.6,7.8,0.463,1.7,4.3,0.398,1.9,3.5,0.543,0.573,1.3,1.7,0.765,0.6,3.2,3.8,2.1,0.7,0.2,1.3,1.7,10.2,
98,Quentin Grimes,24,PHI,SG,27,24,33.6,7.9,16.4,0.477,3,7.8,0.389,4.8,8.6,0.558,0.57,3.6,4.9,0.748,1.1,4,5.1,4.6,1.6,0.4,2.8,2.1,22.4,
99,Stephon Castle,20,SAS,PG,80,46,26.6,5.2,12.2,0.43,1.2,4.1,0.285,4.1,8,0.505,0.478,3,4.2,0.716,1.1,2.5,3.6,4.1,0.9,0.3,2.2,2,14.6,
100,Josh Giddey,22,CHI,PG,70,69,30.2,5.3,11.4,0.465,1.5,4,0.378,3.8,7.4,0.512,0.531,2.5,3.2,0.781,1.8,6.3,8.1,7.2,1.2,0.6,2.9,1.7,14.6,
101,Aaron Gordon,29,DEN,PF,50,41,28.4,5.1,9.7,0.531,1.5,3.4,0.438,3.7,6.3,0.581,0.607,2.8,3.5,0.807,1.5,3.3,4.8,3.2,0.4,0.3,1.4,1.6,14.6,
102,Jakob Poeltl,29,TOR,C,57,56,29.6,6.4,10.2,0.627,0,0.1,0.333,6.4,10.1,0.628,0.628,1.7,2.5,0.674,3.3,6.3,9.6,2.8,1.2,1.2,1.9,3.1,14.5,
103,Deandre Ayton,26,POR,C,40,40,30.2,6.6,11.7,0.566,0.2,0.8,0.188,6.5,10.9,0.594,0.573,1,1.5,0.667,3.1,7.1,10.2,1.6,0.8,1,1.7,2.2,14.4,
104,Gradey Dick,21,TOR,SG,54,54,29.4,4.9,12,0.41,2.1,6,0.35,2.8,5.9,0.47,0.498,2.5,2.9,0.858,0.8,2.8,3.6,1.8,0.9,0.2,1.5,2.2,14.4,
105,Jerami Grant,30,POR,PF,47,47,32.4,4.6,12.2,0.373,2.3,6.3,0.365,2.3,5.9,0.381,0.467,3,3.5,0.849,0.6,2.9,3.5,2.1,0.9,1,1.4,2.3,14.4,
106,Naz Reid,25,MIN,C,79,17,27.5,5.3,11.6,0.461,2.2,5.8,0.381,3.1,5.7,0.542,0.557,1.4,1.8,0.775,1.1,4.8,6,2.3,0.7,0.9,1.4,2.4,14.3,
107,Dillon Brooks,29,HOU,SF,74,74,32,5.1,12,0.43,2.5,6.3,0.397,2.7,5.7,0.466,0.534,1.3,1.6,0.818,1,2.7,3.7,1.7,0.8,0.2,1,3.2,14.1,
108,Dyson Daniels,21,ATL,SG,76,76,33.8,6,12.1,0.493,1.1,3.1,0.34,4.9,9.1,0.545,0.536,1.1,1.8,0.593,1.6,4.3,5.9,4.4,3,0.7,2,2.3,14.1,
109,Tre Mann,23,CHO,PG,13,0,24.5,5.4,12.4,0.435,1.8,4.6,0.4,3.5,7.8,0.455,0.509,1.5,1.6,0.905,0.9,2,2.9,3,0.5,0.3,1.9,1.8,14.1,
110,Payton Pritchard,27,BOS,PG,79,2,28.3,5,10.6,0.47,3.2,7.8,0.409,1.8,2.9,0.634,0.619,0.9,1,0.841,1.3,2.5,3.8,3.4,0.9,0.2,1,1.5,14.1,
111,Fred VanVleet,30,HOU,PG,59,59,35.3,4.8,12.6,0.378,2.6,7.7,0.344,2.1,5,0.43,0.483,1.8,2.3,0.813,0.5,3.2,3.7,5.6,1.6,0.4,1.4,2.3,14.1,
112,Amen Thompson,22,HOU,SF,68,41,32.3,5.6,10.1,0.555,0.4,1.3,0.278,5.3,8.8,0.597,0.573,2.4,3.6,0.683,2.8,5.4,8.2,3.8,1.4,1.3,2,2.4,14,
113,Klay Thompson,34,DAL,SF,72,72,27.3,5,12.2,0.412,3,7.7,0.391,2,4.5,0.448,0.535,0.9,1,0.905,0.6,2.8,3.4,2,0.7,0.4,1.2,1.1,14,
114,Tobias Harris,32,DET,PF,72,72,31.9,5.3,11.1,0.476,1.3,3.7,0.346,4,7.5,0.54,0.533,2,2.3,0.861,0.9,5.1,6,2.2,1,0.8,1.2,1.9,13.9,
115,Bobby Portis,29,MIL,PF,49,7,25.4,5.7,12.1,0.466,1.3,3.6,0.365,4.3,8.5,0.508,0.52,1.2,1.5,0.836,1.8,6.6,8.4,2.1,0.7,0.5,1.2,1.9,13.9,
116,Jarrett Allen,26,CLE,C,81,81,28.3,5.6,7.9,0.707,0,0,0,5.6,7.8,0.712,0.707,2.5,3.4,0.718,2.7,7.2,9.9,1.9,1,0.9,1.2,1.6,13.6,
117,Josh Hart,29,NYK,SG,77,77,37.6,5.2,10,0.525,1.1,3.3,0.333,4.2,6.7,0.618,0.579,2.1,2.7,0.776,2.1,7.5,9.6,5.9,1.5,0.4,2.1,2.6,13.6,
118,Onyeka Okongwu,24,ATL,C,74,40,27.9,5.2,9.2,0.567,0.6,2,0.324,4.6,7.2,0.634,0.602,2.2,2.9,0.759,3,5.9,8.9,2.3,0.9,0.9,1.2,2.6,13.4,
119,Naji Marshall,27,DAL,SF,68,30,27.8,5.3,10.3,0.509,0.9,3.2,0.273,4.4,7.1,0.614,0.551,1.9,2.4,0.813,1.1,3.7,4.8,3,1,0.2,1.6,1.6,13.3,
120,Russell Westbrook,36,DEN,PG,74,36,28,5,11.1,0.448,1.3,3.9,0.326,3.7,7.2,0.513,0.505,2,3,0.653,1.4,3.6,5,6.1,1.4,0.5,3.3,2.5,13.2,
121,Dennis Schr?der,31,3TM,PG,75,49,28.1,4.5,11,0.406,1.7,4.9,0.342,2.8,6.1,0.458,0.483,2.4,2.9,0.838,0.4,2.3,2.6,5.4,0.9,0.2,1.9,2.4,13.1,
121,Dennis Schr?der,31,BRK,PG,23,23,33.6,6.4,14.1,0.452,2.5,6.5,0.387,3.9,7.6,0.509,0.542,3.1,3.5,0.889,0.2,2.8,3,6.6,1.1,0.2,2.6,2.4,18.4,
121,Dennis Schr?der,31,GSW,SG,24,18,26.2,3.9,10.5,0.375,1.5,4.8,0.322,2.4,5.7,0.419,0.448,1.2,1.6,0.744,0.4,1.9,2.3,4.4,1,0.1,2,2.8,10.6,
121,Dennis Schr?der,31,DET,PG,28,8,25.2,3.4,9,0.378,1.1,3.8,0.302,2.3,5.2,0.434,0.442,2.9,3.4,0.833,0.5,2.2,2.6,5.3,0.5,0.2,1.3,2,10.8,
122,Rui Hachimura,26,LAL,PF,59,57,31.7,5,9.8,0.509,1.7,4.2,0.413,3.2,5.6,0.581,0.597,1.5,1.9,0.77,1.3,3.7,5,1.4,0.8,0.4,0.8,1.8,13.1,
123,Brook Lopez,36,MIL,C,80,80,31.8,4.9,9.7,0.509,1.7,4.7,0.373,3.2,5,0.636,0.599,1.4,1.7,0.826,1.4,3.6,5,1.8,0.6,1.9,1.1,2.1,13,
124,Alex Sarr,19,WAS,C,66,66,27.3,4.9,12.5,0.393,1.6,5.1,0.307,3.3,7.3,0.453,0.456,1.7,2.4,0.677,1.9,4.6,6.5,2.4,0.7,1.5,1.7,2.2,13,
125,Moritz Wagner,27,ORL,C,30,1,18.8,4.7,8.3,0.562,0.9,2.5,0.36,3.8,5.8,0.649,0.616,2.6,3.7,0.718,1.3,3.6,4.9,1.4,0.8,0.4,1.6,1.8,12.9,
126,Malcolm Brogdon,32,WAS,PG,24,13,23.5,4.3,10,0.433,0.7,2.3,0.286,3.7,7.7,0.478,0.467,3.4,3.8,0.88,0.9,2.9,3.8,4.1,0.5,0.2,1.6,1.3,12.7,
127,Scoot Henderson,20,POR,PG,66,10,26.7,4.3,10.4,0.419,1.6,4.5,0.354,2.8,5.9,0.469,0.496,2.4,3.1,0.767,0.8,2.2,3,5.1,1,0.2,2.7,2.7,12.7,
128,D'Angelo Russell,28,2TM,PG,58,36,25.5,4.3,11,0.39,1.9,6.2,0.314,2.3,4.8,0.489,0.479,2.1,2.5,0.834,0.3,2.4,2.8,5.1,1,0.4,1.9,2,12.6,
128,D'Angelo Russell,28,LAL,PG,29,10,26.3,4.4,10.7,0.415,1.9,5.8,0.333,2.5,4.9,0.51,0.505,1.6,1.8,0.849,0.3,2.5,2.8,4.7,0.8,0.1,1.7,1.8,12.4,
128,D'Angelo Russell,28,BRK,PG,29,26,24.7,4.1,11.3,0.367,2,6.6,0.297,2.2,4.7,0.467,0.454,2.6,3.2,0.826,0.4,2.4,2.8,5.6,1.1,0.7,2,2.1,12.9,
129,Keldon Johnson,25,SAS,SF,76,0,23.8,4.8,9.9,0.478,1.1,3.6,0.319,3.6,6.4,0.566,0.534,1.9,2.5,0.783,1.4,3.3,4.8,1.6,0.6,0.3,1,1.5,12.6,
130,Zaccharie Risacher,19,ATL,SF,74,72,24.8,4.8,10.5,0.459,1.6,4.6,0.353,3.2,5.9,0.541,0.536,1.4,2,0.711,1.2,2.4,3.6,1.2,0.7,0.5,1.2,2,12.6,
131,Santi Aldama,24,MEM,PF,65,16,25.5,4.8,10,0.483,1.8,5,0.368,3,5,0.599,0.576,1,1.4,0.691,1.4,5,6.4,2.9,0.8,0.4,1.1,1.2,12.5,
132,Ty Jerome,27,CLE,SG,70,3,19.9,4.6,8.8,0.516,1.6,3.6,0.439,3,5.2,0.57,0.606,1.8,2.1,0.872,0.7,1.8,2.5,3.4,1.1,0,1.3,1.5,12.5,
133,Keegan Murray,24,SAC,PF,75,75,34.5,4.8,10.8,0.445,2.1,5.9,0.345,2.8,4.9,0.566,0.539,0.8,1,0.833,1.9,4.7,6.7,1.4,0.8,0.9,0.8,2.5,12.5,
134,Harrison Barnes,32,SAS,PF,81,81,27.1,4.2,8.3,0.51,1.9,4.4,0.436,2.3,4,0.591,0.624,1.9,2.4,0.801,1.2,2.6,3.8,1.7,0.4,0.2,0.6,0.9,12.3,
135,Bilal Coulibaly,20,WAS,SF,59,59,33,4.5,10.6,0.421,1.1,3.8,0.281,3.4,6.8,0.5,0.472,2.3,3.1,0.746,1.5,3.4,5,3.4,1.3,0.7,2.1,2.4,12.3,
136,Ayo Dosunmu,25,CHI,SG,46,26,30.3,4.8,9.8,0.492,1.3,4.1,0.328,3.5,5.7,0.612,0.561,1.3,1.7,0.785,0.6,2.9,3.5,4.5,0.9,0.4,1.5,2.3,12.3,
137,Drew Timme,24,BRK,PF,8,2,27.9,5.1,11.4,0.451,1,3.6,0.276,4.1,7.8,0.532,0.495,1,1.5,0.667,2.1,5,7.1,2.3,0.5,0.1,1.6,2.4,12.3,
138,Daniel Gafford,26,DAL,C,56,30,21.6,4.9,7,0.7,0,0,,4.9,7,0.7,0.7,2.3,3.4,0.686,2.7,4.1,6.8,1.4,0.4,1.8,1.1,2.7,12.2,
139,Jaden McDaniels,24,MIN,PF,81,81,32,4.9,10.2,0.476,1.2,3.7,0.331,3.6,6.5,0.56,0.537,1.3,1.6,0.825,1.6,4.2,5.8,2,1.3,0.9,1.1,2.7,12.2,
140,Jabari Smith Jr.,21,HOU,PF,57,39,30.1,4.4,9.9,0.438,1.7,4.9,0.354,2.6,5.1,0.519,0.525,1.8,2.2,0.825,1.8,5.2,7,1.1,0.4,0.7,1.1,2.2,12.2,
141,Caris LeVert,30,2TM,SG,64,3,24.9,4.4,9.4,0.467,1.7,4.4,0.373,2.7,4.9,0.552,0.556,1.7,2.4,0.71,0.6,2.5,3.2,3.4,0.9,0.5,1.2,1.5,12.1,
141,Caris LeVert,30,CLE,SF,38,3,23.8,3.6,7.8,0.453,1.6,3.9,0.405,2,3.9,0.5,0.554,1.5,2.2,0.699,0.6,2.2,2.8,3.7,0.9,0.5,1.3,1.3,10.2,
141,Caris LeVert,30,ATL,SG,26,0,26.6,5.6,11.6,0.482,1.8,5.2,0.338,3.8,6.3,0.6,0.558,2,2.8,0.722,0.7,3,3.7,2.9,0.9,0.5,1,2,14.9,
142,Tari Eason,23,HOU,PF,56,16,25,4.8,9.8,0.489,1.1,3.3,0.346,3.7,6.5,0.56,0.547,1.4,1.8,0.767,2.2,4.1,6.3,1.4,1.7,0.9,1.1,2.4,12.1,
143,Aaron Nesmith,25,IND,SF,44,36,25.2,4.3,8.5,0.505,1.9,4.4,0.43,2.4,4.1,0.587,0.617,1.6,1.8,0.911,0.8,3.2,4,1.2,0.8,0.4,0.8,2.5,12.1,
144,Khris Middleton,33,2TM,SF,37,21,22.8,4.3,9.1,0.475,1.3,3.6,0.361,3,5.5,0.549,0.546,1.9,2.3,0.857,0.4,3.4,3.7,4.1,0.9,0.2,1.5,2,11.9,
144,Khris Middleton,33,MIL,SF,23,7,23.2,4.7,9.2,0.512,1.5,3.7,0.407,3.2,5.4,0.584,0.595,1.7,2,0.848,0.2,3.5,3.7,4.4,0.7,0.2,1.6,2.3,12.6,
144,Khris Middleton,33,WAS,SF,14,14,22.1,3.7,9,0.413,0.9,3.4,0.277,2.8,5.6,0.494,0.464,2.4,2.7,0.868,0.6,3.1,3.7,3.4,1.3,0.2,1.4,1.6,10.7,
145,Jalen Duren,21,DET,C,77,77,26.3,4.9,7.1,0.692,0,0,,4.9,7.1,0.692,0.692,2.1,3.1,0.669,3.6,6.9,10.5,2.7,0.7,1.2,1.8,3.2,11.9,
146,Rudy Gobert,32,MIN,C,71,71,33.1,4.7,7,0.674,0,0,,4.7,7,0.674,0.674,2.5,3.8,0.675,3.6,7.2,10.8,1.8,0.8,1.4,1.3,2.5,11.9,
147,Aaron Wiggins,26,OKC,SG,75,25,22.8,4.6,9.5,0.489,1.7,4.4,0.384,2.9,5,0.581,0.579,0.9,1.1,0.81,1.1,2.8,3.8,1.7,0.8,0.2,0.9,1.3,11.8,
148,Donte DiVincenzo,28,MIN,SG,61,10,25.9,4,9.6,0.419,2.8,7,0.395,1.2,2.5,0.484,0.564,0.8,1,0.778,0.5,3.2,3.7,3.7,1.2,0.3,1.6,1.8,11.6,
149,Corey Kispert,25,WAS,SF,61,0,26.3,4.2,9.3,0.451,2,5.4,0.364,2.2,3.9,0.574,0.558,1.2,1.4,0.852,0.6,2.4,3,1.7,0.4,0.2,1,1.6,11.6,
150,Brandin Podziemski,21,GSW,SG,63,32,26.6,4.3,9.8,0.442,1.8,4.8,0.37,2.5,5,0.511,0.533,1.1,1.4,0.767,1,4,5,3.4,1.1,0.2,1.2,1.4,11.6,
151,Jeremy Sochan,21,SAS,PF,54,23,25.3,4.6,8.7,0.535,0.5,1.7,0.308,4.1,7,0.59,0.565,1.6,2.3,0.696,2.4,4.2,6.5,2.4,0.8,0.5,1.6,2.4,11.4,
152,Lonnie Walker IV,26,PHI,SG,19,6,23.2,4.1,9.9,0.413,1.9,5.9,0.33,2.2,4.1,0.532,0.511,1.2,1.5,0.793,0.3,2.7,3,2.5,0.5,0.3,1.3,1.4,11.4,
153,Toumani Camara,24,POR,PF,77,77,32.8,4.2,9.2,0.456,1.7,4.6,0.37,2.5,4.6,0.541,0.548,1.2,1.6,0.722,2.2,3.5,5.8,2.2,1.5,0.6,1.4,2.9,11.3,
154,Isaiah Hartenstein,26,OKC,C,57,53,27.9,4.9,8.4,0.581,0,0.3,0,4.9,8.1,0.605,0.581,1.4,2.1,0.675,2.9,7.9,10.7,3.8,0.8,1.1,1.7,3,11.2,
155,Buddy Hield,32,GSW,SG,81,22,22.8,4,9.6,0.417,2.5,6.7,0.37,1.5,2.9,0.525,0.546,0.7,0.8,0.828,0.6,2.6,3.2,1.7,0.9,0.3,1.1,1.6,11.2,
156,Spencer Dinwiddie,31,DAL,PG,78,30,26.9,3.6,8.6,0.421,1.4,4.1,0.338,2.2,4.5,0.497,0.501,2.4,3.1,0.798,0.2,2.4,2.7,4.4,0.9,0.2,1.3,1.5,11.1,
157,Tim Hardaway Jr.,32,DET,SG,76,76,28.2,3.6,8.9,0.407,2.2,6,0.369,1.4,2.9,0.484,0.53,1.6,1.9,0.855,0.2,2.2,2.4,1.6,0.5,0.1,0.6,1.3,11.1,
158,Jrue Holiday,34,BOS,PG,62,62,30.6,4.1,9.2,0.443,1.7,4.9,0.353,2.4,4.3,0.547,0.538,1.1,1.2,0.909,1.2,3,4.3,3.9,1.1,0.4,1.2,1.6,11.1,
159,Walker Kessler,23,UTA,C,58,58,30,4.8,7.2,0.663,0.1,0.6,0.176,4.7,6.6,0.706,0.671,1.4,2.6,0.52,4.6,7.6,12.2,1.7,0.6,2.4,1.5,2.2,11.1,
160,Duncan Robinson,30,MIA,SF,73,36,24.2,3.9,9,0.438,2.6,6.5,0.394,1.4,2.5,0.556,0.581,0.6,0.7,0.887,0.2,2,2.3,2.4,0.5,0.1,1.2,1.8,11.1,
161,Gary Trent Jr.,26,MIL,SG,74,9,25.6,3.8,8.9,0.431,2.4,5.9,0.416,1.4,3,0.46,0.568,1.1,1.2,0.848,0.3,2,2.3,1.2,1,0.1,0.6,1.7,11.1,
162,Guerschon Yabusele,29,PHI,C,70,43,27.1,4,8,0.501,1.5,3.9,0.38,2.5,4.1,0.616,0.593,1.4,2,0.725,1.9,3.7,5.6,2.1,0.8,0.3,1.2,2.3,11,
163,Bogdan Bogdanovi?,32,2TM,SG,53,4,25.1,3.9,9.2,0.429,2,5.4,0.365,2,3.8,0.52,0.536,1.1,1.2,0.879,0.4,2.5,3,2.8,0.8,0.2,1.4,2.3,10.9,
163,Bogdan Bogdanovi?,32,ATL,SG,24,0,24.9,3.5,9.3,0.371,1.8,6.1,0.301,1.6,3.3,0.5,0.469,1.3,1.4,0.882,0.5,2.3,2.8,2,0.8,0.3,1.5,2.4,10,
163,Bogdan Bogdanovi?,32,LAC,SG,29,4,25.3,4.3,9,0.479,2.1,4.8,0.432,2.2,4.2,0.533,0.594,1,1.1,0.875,0.4,2.8,3.2,3.3,0.7,0.2,1.3,2.2,11.7,
164,Jordan Hawkins,22,NOP,SG,56,9,23.6,3.7,9.9,0.372,2,5.9,0.331,1.7,4,0.433,0.471,1.4,1.8,0.816,0.4,2.4,2.8,1.2,0.5,0.4,1,0.9,10.8,
165,Brandon Boston Jr.,23,NOP,SG,42,10,23.6,4,9.1,0.436,1.2,3.3,0.35,2.8,5.7,0.485,0.5,1.6,2,0.788,0.7,2.5,3.2,2.2,1.3,0.2,1.2,1.7,10.7,
166,Nikola Jovi?,21,MIA,PF,46,10,25.1,3.7,8.2,0.456,1.7,4.6,0.371,2,3.6,0.563,0.56,1.6,1.9,0.828,0.6,3.3,3.9,2.8,0.8,0.3,1.3,1.8,10.7,
167,Terry Rozier,30,MIA,PG,63,23,25.8,3.9,9.9,0.395,1.4,4.8,0.299,2.5,5.1,0.484,0.467,1.5,1.7,0.852,0.7,3,3.7,2.6,0.6,0.2,1.2,1.2,10.7,
168,Brice Sensabaugh,21,UTA,SF,70,14,19.9,3.8,8.3,0.46,2.2,5.1,0.419,1.7,3.2,0.527,0.59,0.9,1,0.887,0.6,2.3,2.9,1.5,0.6,0.1,1.5,1.6,10.7,
169,Keon Johnson,22,BRK,SG,78,55,24.2,3.8,9.8,0.389,1.6,5,0.318,2.2,4.8,0.464,0.471,1.3,1.7,0.77,0.8,2.9,3.7,2.2,1,0.4,1.4,2.6,10.6,
170,Obi Toppin,26,IND,PF,78,3,19.7,4,7.6,0.53,1.4,3.8,0.366,2.6,3.8,0.695,0.621,1.1,1.5,0.781,0.7,3.3,4,1.6,0.6,0.4,0.8,1.4,10.6,
171,Grayson Allen,29,PHO,SG,63,6,24.1,3.3,7.6,0.443,2.3,5.4,0.423,1,2.1,0.496,0.596,1.5,1.8,0.816,0.5,2.5,3,2.1,0.9,0.3,1.1,1.5,10.5,
172,Ochai Agbaji,24,TOR,SG,63,44,27,4.1,8.2,0.501,1.6,3.9,0.404,2.6,4.3,0.588,0.596,0.5,0.8,0.708,1,2.9,3.8,1.5,0.9,0.5,0.8,1.9,10.4,
173,Jaylen Wells,21,MEM,SG,79,74,25.9,3.6,8.6,0.425,1.7,5,0.352,1.9,3.6,0.525,0.527,1.4,1.7,0.822,1.1,2.3,3.4,1.7,0.6,0.1,0.9,1.8,10.4,
174,Grant Williams,26,CHO,PF,16,7,29.9,3.4,7.7,0.439,1.7,4.6,0.365,1.7,3.1,0.551,0.549,1.9,2.3,0.838,1.1,4,5.1,2.3,1.1,0.8,1.8,2.9,10.4,
175,Kevin Porter Jr.,24,2TM,SG,75,4,19.8,3.9,8.7,0.449,0.7,2.4,0.311,3.2,6.3,0.501,0.492,1.7,2.3,0.769,0.6,3.1,3.7,3.4,1.1,0.2,1.8,1.6,10.3,
175,Kevin Porter Jr.,24,LAC,SG,45,2,19.6,3.8,9,0.423,0.6,2.4,0.245,3.2,6.7,0.485,0.455,1.1,1.7,0.645,0.6,2.9,3.6,3.2,1,0.2,1.9,1.6,9.3,
175,Kevin Porter Jr.,24,MIL,SG,30,2,19.9,4,8.2,0.494,1,2.4,0.408,3.1,5.8,0.529,0.553,2.7,3.1,0.871,0.4,3.5,3.9,3.7,1.3,0.1,1.7,1.6,11.7,
176,Jonas Valan?i?nas,32,2TM,C,80,21,18.8,4.2,7.7,0.544,0.1,0.5,0.216,4.1,7.2,0.565,0.55,1.8,2,0.877,2.3,5.4,7.7,2,0.5,0.6,1.5,2.2,10.3,
176,Jonas Valan?i?nas,32,WAS,C,49,12,20.1,4.7,8.6,0.547,0.1,0.6,0.259,4.6,8.1,0.567,0.556,1.9,2.2,0.896,2.4,5.8,8.2,2.2,0.4,0.6,1.8,2,11.5,
176,Jonas Valan?i?nas,32,SAC,C,31,9,16.8,3.4,6.3,0.536,0,0.3,0.1,3.3,5.9,0.56,0.539,1.5,1.8,0.842,2.2,4.7,6.9,1.7,0.5,0.6,1,2.6,8.3,
177,Jose Alvarado,26,NOP,PG,55,22,24.2,3.6,9.2,0.394,2,5.5,0.367,1.6,3.7,0.434,0.503,1,1.3,0.803,0.5,1.9,2.4,4.6,1.3,0.3,1.5,1.7,10.3,
178,Nic Claxton,25,BRK,C,69,61,27,4.6,8.1,0.56,0.1,0.3,0.238,4.5,7.8,0.573,0.565,1.1,2.2,0.51,2.3,5.2,7.4,2.3,0.9,1.4,1.2,2.2,10.3,
179,Herbert Jones,26,NOP,SF,20,20,32.4,3.8,8.6,0.436,1.1,3.6,0.306,2.7,5,0.53,0.5,1.7,2,0.825,1.1,2.8,3.9,3.3,1.9,0.5,1.8,3.3,10.3,
180,De'Anthony Melton,26,GSW,SG,6,2,20.2,3.7,9,0.407,2.2,5.8,0.371,1.5,3.2,0.474,0.528,0.8,1.3,0.625,1,2.3,3.3,2.8,1.2,0.3,1.7,3,10.3,
181,Derrick Jones Jr.,27,LAC,SF,76,55,24.4,4.1,7.7,0.527,1,2.9,0.358,3,4.8,0.628,0.594,1.1,1.5,0.707,1.2,2.2,3.4,0.8,1,0.4,0.9,2,10.2,
182,Tyus Jones,28,PHO,PG,80,57,26.9,3.7,8.4,0.446,2,4.9,0.414,1.7,3.5,0.493,0.568,0.6,0.7,0.895,0.5,1.9,2.4,5.3,0.9,0.1,1.1,0.8,10.2,
183,Andrew Nembhard,25,IND,SG,64,64,29.2,3.8,8.3,0.463,0.8,2.7,0.291,3.1,5.6,0.546,0.51,1.7,2.1,0.794,0.5,2.8,3.4,5,1.2,0.2,1.7,2.3,10.2,
184,Luguentz Dort,25,OKC,SF,71,71,29.2,3.6,8.4,0.435,2.4,5.8,0.412,1.2,2.5,0.489,0.578,0.5,0.6,0.717,1.3,2.9,4.1,1.6,1.1,0.5,0.7,2.9,10.1,
185,Justin Edwards,21,PHI,SF,44,26,26.3,3.9,8.6,0.455,1.6,4.3,0.363,2.3,4.3,0.548,0.546,0.7,1,0.696,1,2.3,3.4,1.6,1,0.4,1.1,2.2,10.1,
186,Isaiah Joe,25,OKC,SG,73,15,21.5,3.5,7.8,0.443,2.6,6.2,0.418,0.9,1.6,0.542,0.609,0.6,0.7,0.804,0.5,2.1,2.6,1.6,0.6,0.1,0.5,1.5,10.1,
187,Ausar Thompson,22,DET,SF,59,48,22.5,4.2,7.8,0.535,0.2,0.8,0.224,4,7,0.572,0.547,1.5,2.4,0.641,1.9,3.3,5.1,2.3,1.7,0.7,1.4,2.8,10.1,
188,Chris Boucher,32,TOR,PF,50,0,17.2,3.6,7.4,0.492,1.4,3.9,0.363,2.2,3.5,0.633,0.586,1.4,1.7,0.782,1.4,3.1,4.5,0.7,0.5,0.5,0.6,1.4,10,
189,Trendon Watford,24,BRK,PF,43,5,20.4,3.6,7.9,0.462,0.7,2,0.326,3,5.9,0.508,0.503,2.1,2.7,0.769,0.9,2.7,3.6,2.6,0.6,0.3,1.8,2.1,10,
190,Ziaire Williams,23,BRK,SF,63,45,24.5,3.4,8.3,0.412,1.6,4.8,0.341,1.8,3.5,0.509,0.511,1.6,2,0.821,1,3.6,4.6,1.3,1,0.4,1.1,2.4,10,
191,Georges Niang,31,2TM,PF,79,3,21.5,3.6,7.8,0.461,2.1,5.2,0.406,1.5,2.7,0.569,0.595,0.6,0.7,0.793,0.6,2.8,3.4,1.4,0.4,0.2,1,2.5,9.9,
191,Georges Niang,31,CLE,PF,51,1,20.6,3.3,6.8,0.477,1.8,4.4,0.4,1.5,2.4,0.618,0.606,0.5,0.6,0.793,0.7,3,3.7,1.3,0.3,0.1,0.9,2.5,8.7,
191,Georges Niang,31,ATL,PF,28,2,23,4.3,9.7,0.441,2.7,6.6,0.413,1.6,3.1,0.5,0.581,0.8,1,0.793,0.5,2.5,3,1.6,0.4,0.3,1.2,2.6,12.1,
192,Julian Champagnie,23,SAS,SF,81,28,23.4,3.3,8.1,0.413,2.1,5.9,0.367,1.2,2.2,0.533,0.546,1,1.2,0.904,0.8,3,3.9,1.4,0.8,0.4,0.9,1.4,9.9,
193,Moses Moody,22,GSW,SG,73,33,22.2,3.3,7.7,0.433,1.7,4.6,0.375,1.6,3.1,0.518,0.544,1.5,1.8,0.797,0.7,1.9,2.6,1.3,0.8,0.4,0.7,1.5,9.9,
194,Scotty Pippen Jr.,24,MEM,PG,79,21,21.3,3.6,7.5,0.48,1.1,2.8,0.397,2.5,4.7,0.528,0.553,1.5,2.2,0.713,0.8,2.5,3.3,4.4,1.3,0.4,1.7,2.6,9.9,
195,Nick Smith Jr.,20,CHO,SG,60,27,22.8,3.7,9.5,0.391,1.7,5.1,0.34,2,4.4,0.45,0.482,0.7,0.8,0.935,0.2,1.9,2.1,2.4,0.3,0.1,1.4,1.3,9.9,
196,Kevin Huerter,26,2TM,SG,68,30,24.4,3.7,8.7,0.423,1.9,5.6,0.331,1.8,3.1,0.593,0.53,0.5,0.7,0.723,0.4,2.5,3,2.3,1,0.3,1,1.8,9.8,
196,Kevin Huerter,26,SAC,SG,43,15,20.9,3,7.2,0.413,1.4,4.8,0.302,1.5,2.4,0.629,0.513,0.5,0.7,0.714,0.4,2.3,2.8,1.7,0.8,0.4,0.9,1.6,7.9,
196,Kevin Huerter,26,CHI,SG,25,15,30.5,4.9,11.3,0.435,2.6,7.2,0.363,2.3,4.2,0.558,0.549,0.6,0.8,0.737,0.4,2.9,3.3,3.2,1.2,0.3,1.2,2,13,
197,Keion Brooks Jr.,24,NOP,SF,13,5,22.5,3.7,7.6,0.485,1,3,0.333,2.7,4.6,0.583,0.551,1.4,1.9,0.72,0.8,3.2,4,0.8,0.6,0.7,0.8,2.1,9.8,
198,Bub Carrington,19,WAS,PG,81,56,29.8,3.6,9,0.403,1.7,4.9,0.339,2,4.1,0.479,0.495,0.9,1,0.812,0.4,3.7,4.1,4.4,0.7,0.3,1.7,2.3,9.8,
199,Amir Coffey,27,LAC,SG,71,13,24.6,3.4,7.2,0.471,1.4,3.5,0.409,2,3.7,0.529,0.57,1.6,1.8,0.891,0.5,1.8,2.3,1.1,0.6,0.1,0.6,1.7,9.8,
200,Tosan Evbuomwan,23,BRK,SF,27,0,23.9,3.5,8.1,0.429,0.9,2.9,0.312,2.6,5.3,0.493,0.484,2,2.6,0.746,1.2,3.1,4.3,1.9,0.9,0.4,1.4,1.9,9.8,
201,Max Christie,21,2TM,SG,77,35,27.1,3.2,7.5,0.426,1.5,4,0.37,1.7,3.5,0.492,0.526,1.7,1.9,0.853,0.5,2.8,3.3,1.9,0.8,0.4,1.1,1.5,9.5,
201,Max Christie,21,LAL,SG,46,25,25.1,2.8,6.3,0.444,1.3,3.5,0.368,1.5,2.7,0.544,0.549,1.6,1.9,0.851,0.5,2.1,2.7,1.4,0.8,0.5,0.8,1.6,8.5,
201,Max Christie,21,DAL,SG,31,10,30.1,3.8,9.3,0.408,1.8,4.8,0.372,2,4.5,0.447,0.503,1.7,2,0.857,0.4,3.8,4.2,2.5,0.9,0.3,1.5,1.3,11.1,
202,Cole Anthony,24,ORL,PG,66,22,18.5,3.5,8.2,0.424,1.2,3.3,0.355,2.3,4.9,0.471,0.495,1.4,1.7,0.823,0.7,2.4,3.1,2.8,0.7,0.5,1.6,2.3,9.5,
203,Kyle Filipowski,21,UTA,C,71,26,21,3.6,7.1,0.503,1.1,3,0.347,2.5,4.1,0.619,0.577,1.3,2,0.648,1.6,4.6,6.2,1.9,0.7,0.3,1.4,2.3,9.5,
204,Nickeil Alexander-Walker,26,MIN,SG,81,10,25.2,3.3,7.5,0.44,1.7,4.5,0.384,1.6,3,0.522,0.554,1.1,1.4,0.778,0.7,2.5,3.2,2.7,0.6,0.4,1.2,1.7,9.4,
205,Miles McBride,24,NYK,PG,63,9,24.8,3.4,8.5,0.405,1.8,4.8,0.37,1.7,3.7,0.452,0.51,0.8,1,0.806,0.7,1.7,2.5,2.8,1,0.3,0.6,1.7,9.4,
206,Max Strus,28,CLE,SF,50,37,25.5,3.3,7.5,0.442,2.3,5.9,0.386,1,1.6,0.65,0.594,0.6,0.7,0.824,1.1,3.3,4.3,3.2,0.5,0.2,1.1,2.1,9.4,
207,Jalen Wilson,24,BRK,PF,78,21,25.6,3.1,7.8,0.394,1.5,4.5,0.331,1.6,3.3,0.482,0.49,1.7,2.1,0.827,1,2.4,3.4,1.8,0.5,0.1,1,2.1,9.4,
208,Nick Richards,27,2TM,C,57,43,22,3.6,6.1,0.591,0,0,0,3.6,6.1,0.594,0.591,2.1,2.8,0.744,2.6,5.6,8.2,0.9,0.2,1,1.4,2.5,9.3,
208,Nick Richards,27,CHO,C,21,9,21,3,5.4,0.561,0,0,0,3,5.4,0.566,0.561,2.8,4.1,0.678,2.4,5.1,7.5,1.3,0.3,1.2,1.6,2.3,8.9,
208,Nick Richards,27,PHO,C,36,34,22.7,3.9,6.5,0.605,0,0,0,3.9,6.4,0.608,0.605,1.7,2,0.822,2.7,5.9,8.6,0.6,0.2,0.8,1.3,2.6,9.5,
209,Anthony Black,21,ORL,PG,77,9,24,3.3,7.8,0.422,0.8,2.5,0.311,2.5,5.4,0.473,0.471,1.9,2.5,0.762,0.6,2.2,2.9,3.1,1.1,0.6,1.8,2.2,9.3,
210,Cam Whitmore,20,HOU,SF,50,3,16.2,3.5,7.9,0.443,1.3,3.6,0.348,2.3,4.3,0.523,0.523,1,1.4,0.743,0.7,2.3,3,1,0.6,0.3,0.9,0.9,9.3,
211,Wendell Carter Jr.,25,ORL,C,67,50,26,3.4,7.2,0.465,0.6,2.3,0.237,2.8,4.9,0.573,0.503,1.9,2.6,0.738,2.3,5,7.3,2,0.8,0.6,1.1,3,9.2,
212,Zach Edey,22,MEM,C,66,55,21.5,3.8,6.6,0.58,0.3,0.8,0.346,3.5,5.8,0.612,0.6,1.4,1.9,0.709,3.5,4.8,8.3,1,0.5,1.3,1.3,2.8,9.2,
213,Kel'el Ware,20,MIA,C,63,35,22.3,4,7.2,0.555,0.5,1.7,0.315,3.4,5.5,0.631,0.593,0.7,1.1,0.687,1.8,5.6,7.4,0.9,0.6,1.1,0.9,1.7,9.2,
214,Noah Clowney,20,BRK,PF,46,20,22.7,2.9,8.1,0.358,1.9,5.7,0.333,1,2.4,0.414,0.474,1.5,1.7,0.838,0.9,3,3.9,0.9,0.5,0.5,1,2.3,9.1,
215,T.J. McConnell,32,IND,PG,78,1,17.9,4.1,7.9,0.519,0.2,0.6,0.306,3.9,7.3,0.538,0.532,0.7,1,0.74,0.6,1.9,2.5,4.5,1.1,0.3,1.4,1,9.1,
216,Yves Missi,20,NOP,C,73,67,26.8,3.7,6.7,0.547,0,0,0,3.7,6.7,0.548,0.547,1.7,2.8,0.623,3.5,4.7,8.2,1.4,0.5,1.3,1.1,2,9.1,
217,Royce O'Neale,31,PHO,SF,74,22,24.5,3.2,7.6,0.426,2.4,5.9,0.411,0.8,1.7,0.477,0.585,0.3,0.4,0.731,0.7,4,4.7,2.2,0.9,0.5,0.9,2,9.1,
218,Marcus Smart,30,2TM,PG,34,7,20,3,7.6,0.393,1.4,4.1,0.348,1.5,3.4,0.448,0.488,1.6,2.1,0.761,0.5,1.6,2.1,3.2,1.1,0.3,1.6,1.6,9,
218,Marcus Smart,30,MEM,PG,19,6,21.1,2.8,7.8,0.358,1.5,4.7,0.322,1.3,3.1,0.414,0.456,1.6,1.9,0.833,0.7,1.5,2.3,3.7,1.2,0.3,1.8,1.6,8.7,
218,Marcus Smart,30,WAS,PG,15,1,18.7,3.2,7.3,0.44,1.3,3.4,0.392,1.9,3.9,0.483,0.532,1.6,2.3,0.686,0.3,1.7,1.9,2.5,1.1,0.2,1.3,1.5,9.3,
219,Killian Hayes,23,BRK,PG,6,5,27,3,7.2,0.419,1.3,3.5,0.381,1.7,3.7,0.455,0.512,1.7,2,0.833,0.8,2.2,3,5.2,0.7,0.7,1.5,2.2,9,
220,Al Horford,38,BOS,C,60,42,27.7,3.3,7.7,0.423,1.9,5.2,0.363,1.4,2.5,0.551,0.547,0.6,0.6,0.895,1.3,4.8,6.2,2.1,0.6,0.9,0.8,1.4,9,
221,Julian Strawther,22,DEN,SG,64,4,21.5,3.3,7.5,0.432,1.5,4.2,0.351,1.8,3.3,0.535,0.53,1.1,1.3,0.821,0.3,2,2.2,1.3,0.6,0.3,0.9,2.3,9,
222,Clint Capela,30,ATL,C,55,41,21.4,4,7.1,0.559,0,0,0,4,7.1,0.56,0.559,0.9,1.8,0.536,3.2,5.4,8.5,1.1,0.6,1,0.9,1.9,8.9,
223,Dante Exum,29,DAL,PG,19,12,18.8,3.3,6.8,0.481,1.2,2.7,0.451,2.1,4.1,0.5,0.57,1.2,1.6,0.742,0.2,1.4,1.6,2.8,0.6,0.2,1.2,1.7,8.9,
224,Draymond Green,34,GSW,PF,67,65,29,3.1,7.5,0.422,1.1,3.6,0.317,2,3.9,0.519,0.498,1.5,2.2,0.687,1.1,5,6.1,5.7,1.5,1,2.6,3.2,8.9,
225,Luke Kennard,28,MEM,SG,65,11,22.6,3.2,6.6,0.478,1.7,4,0.433,1.4,2.6,0.547,0.609,0.8,0.9,0.895,0.6,2.2,2.8,3.3,0.8,0.1,1.1,0.9,8.9,
226,A.J. Lawson,24,TOR,SG,25,2,18.6,3.1,7.3,0.421,1.3,3.9,0.33,1.8,3.4,0.523,0.508,1.4,2.2,0.643,0.8,2.6,3.4,1.2,0.5,0.2,0.6,1.7,8.9,
227,Tristan Vukcevic,21,WAS,C,34,1,13.9,3.3,6.8,0.483,1,2.8,0.354,2.3,3.9,0.575,0.557,1.4,1.8,0.767,0.7,2.8,3.5,1,0.3,0.6,1.1,1.6,8.9,
228,Patrick Williams,23,CHI,PF,62,36,25,3.2,8.1,0.395,1.5,4.3,0.352,1.7,3.9,0.442,0.487,1,1.3,0.732,0.7,3,3.7,1.9,0.7,0.5,1.3,1.4,8.9,
229,Jared Butler,24,2TM,SG,59,16,17.3,3.3,7.4,0.45,1,2.8,0.362,2.3,4.6,0.502,0.517,1.2,1.5,0.816,0.4,1.4,1.8,3.6,0.7,0.2,1.3,1.6,8.8,
229,Jared Butler,24,WAS,PG,32,0,11.3,2.7,5.5,0.483,0.5,1.3,0.366,2.2,4.2,0.519,0.526,1.1,1.4,0.778,0.4,0.8,1.3,2.6,0.4,0.2,0.9,1.3,6.9,
229,Jared Butler,24,PHI,SG,27,16,24.3,4.1,9.6,0.427,1.6,4.5,0.361,2.5,5.1,0.486,0.512,1.3,1.6,0.857,0.4,2.1,2.5,4.9,1.1,0.3,1.7,2,11.2,
230,Jusuf Nurki?,30,2TM,C,50,31,20.7,3.2,6.8,0.474,0.6,2,0.304,2.6,4.8,0.546,0.519,1.7,2.5,0.672,1.7,6.1,7.8,2.3,0.7,0.7,1.9,2.6,8.8,
230,Jusuf Nurki?,30,PHO,C,25,23,23.7,3,6.5,0.454,0.8,2.4,0.322,2.2,4.2,0.529,0.512,1.9,2.8,0.696,1.8,7.3,9.2,1.9,0.9,0.6,2.3,3.1,8.6,
230,Jusuf Nurki?,30,CHO,C,25,8,17.7,3.5,7.2,0.492,0.5,1.7,0.279,3,5.4,0.559,0.525,1.4,2.2,0.643,1.5,4.9,6.4,2.6,0.6,0.7,1.5,2,9,
231,Kentavious Caldwell-Pope,31,ORL,SG,76,76,29.9,3.1,7.1,0.441,1.5,4.3,0.346,1.6,2.8,0.587,0.545,1.1,1.3,0.863,0.4,1.8,2.2,1.8,1.3,0.4,0.8,1.8,8.8,
232,Johnny Juzang,23,UTA,SG,63,17,19.7,3.1,7.4,0.427,1.8,4.9,0.373,1.3,2.5,0.532,0.551,0.7,0.8,0.849,0.7,2.2,2.9,1.1,0.6,0.1,0.6,2,8.8,
233,Dalton Knecht,23,LAL,SF,77,15,18.9,3.2,7,0.463,1.6,4.3,0.375,1.6,2.7,0.601,0.577,0.8,1,0.75,0.5,2.2,2.7,0.9,0.3,0.1,0.5,1.2,8.8,
234,Kelly Olynyk,33,2TM,C,44,22,20.3,3,6.1,0.5,0.8,1.8,0.418,2.3,4.3,0.534,0.562,1.9,2.5,0.769,1.4,3.3,4.7,2.9,0.8,0.4,1.7,2.8,8.7,
234,Kelly Olynyk,33,TOR,C,24,2,16,2.5,4.9,0.5,0.8,1.8,0.442,1.7,3.1,0.533,0.581,1.4,1.8,0.791,1,2.7,3.7,2.3,0.7,0.3,1.5,2.5,7.1,
234,Kelly Olynyk,33,NOP,C,20,20,25.4,3.8,7.5,0.5,0.7,1.8,0.389,3.1,5.7,0.535,0.547,2.5,3.3,0.754,1.9,4,5.9,3.6,0.9,0.6,2.1,3.2,10.7,
235,Dorian Finney-Smith,31,2TM,PF,63,40,28.9,3.1,6.9,0.448,2,5,0.411,1,1.9,0.545,0.597,0.5,0.7,0.667,1.3,2.7,3.9,1.4,0.9,0.4,0.9,2.2,8.7,
235,Dorian Finney-Smith,31,BRK,PF,20,20,29,3.7,8,0.459,2.4,5.4,0.435,1.3,2.6,0.51,0.607,0.8,1.2,0.625,1.6,3,4.6,1.6,0.9,0.6,0.9,2.7,10.4,
235,Dorian Finney-Smith,31,LAL,PF,43,20,28.8,2.8,6.4,0.442,1.9,4.8,0.398,0.9,1.6,0.571,0.591,0.3,0.5,0.714,1.1,2.5,3.6,1.4,0.9,0.3,0.9,1.9,7.9,
236,Oshae Brissett,26,PHI,SF,6,2,23.7,3.2,6.5,0.487,1,3,0.333,2.2,3.5,0.619,0.564,1.3,2.3,0.571,1.2,2.5,3.7,0.7,0.7,0.5,1.3,2.3,8.7,
237,Isaiah Collier,20,UTA,PG,71,46,25.9,3.3,7.8,0.422,0.6,2.4,0.249,2.7,5.4,0.497,0.459,1.5,2.2,0.682,0.5,2.9,3.3,6.3,0.9,0.2,2.9,2.1,8.7,
238,Kyshawn George,21,WAS,SG,67,37,26.7,3,8.1,0.371,1.7,5.3,0.321,1.3,2.8,0.463,0.475,1,1.4,0.753,0.7,3.5,4.2,2.5,1,0.7,1.4,3,8.7,
239,Dereck Lively II,20,DAL,C,36,29,23.1,3.7,5.3,0.702,0,0,,3.7,5.3,0.702,0.702,1.3,2,0.63,2.9,4.6,7.5,2.4,0.6,1.6,1.1,2.8,8.7,
240,Chris Paul,39,SAS,PG,81,81,27.9,3,7,0.428,1.7,4.5,0.378,1.3,2.5,0.517,0.549,1,1.1,0.932,0.4,3.2,3.6,7.4,1.2,0.3,1.6,1.8,8.7,
241,Matas Buzelis,20,CHI,SF,79,30,18.9,3.2,7,0.451,1.2,3.4,0.358,1.9,3.6,0.537,0.537,1.1,1.4,0.815,0.7,2.8,3.5,1,0.4,0.9,0.9,1.6,8.6,
242,Jaden Hardy,22,DAL,SG,56,3,15.6,3.1,7.1,0.438,1.3,3.4,0.394,1.8,3.7,0.478,0.531,1,1.5,0.695,0.2,1.4,1.5,1.4,0.5,0.1,1.4,1.6,8.6,
243,Svi Mykhailiuk,27,UTA,SF,37,13,19.5,3.1,7.9,0.386,1.8,5.3,0.335,1.3,2.6,0.49,0.498,0.8,0.9,0.8,0.6,1.7,2.3,1.9,0.5,0.2,1.4,1.2,8.6,
244,Ja'Kobe Walter,20,TOR,SG,52,18,21.2,3.1,7.6,0.405,1.3,3.6,0.349,1.8,4,0.454,0.487,1.3,1.6,0.795,1.1,1.9,3.1,1.6,0.8,0.2,1,1.8,8.6,
245,Brandon Williams,25,DAL,PG,32,2,15,3.1,5.8,0.527,0.8,1.9,0.4,2.3,3.9,0.587,0.591,1.7,2,0.859,0.3,1.3,1.7,2.4,0.8,0.1,1.2,1,8.6,
246,Justin Champagnie,23,WAS,SF,61,30,21.3,3.3,6.5,0.504,1.1,3,0.375,2.1,3.5,0.616,0.591,0.8,1.2,0.704,1.8,3.9,5.7,1,1,0.6,0.9,1.8,8.5,
247,Tyrese Martin,25,BRK,SG,59,10,21.8,3.1,7.6,0.401,1.6,4.7,0.351,1.4,3,0.48,0.509,0.7,0.9,0.786,0.9,2.6,3.6,2.1,0.6,0.1,1.2,1.3,8.5,
248,Larry Nance Jr.,32,ATL,PF,24,3,19.3,3.3,6.5,0.516,1.4,3.2,0.447,1.9,3.3,0.582,0.626,0.4,0.5,0.692,1,3.3,4.3,1.6,0.8,0.5,0.7,1.5,8.5,
249,Jared Rhoden,25,2TM,SG,14,2,16.2,3,6.2,0.483,0.9,2.8,0.308,2.1,3.4,0.625,0.552,1.6,1.8,0.88,1,2,3,1.1,0.7,0.1,0.6,1.4,8.4,
249,Jared Rhoden,25,CHO,SG,4,0,3,0.5,2,0.25,0,0.5,0,0.5,1.5,0.333,0.25,0,0,,0.5,0.5,1,0.5,0.3,0,0.3,0.3,1,
249,Jared Rhoden,25,TOR,SG,10,2,21.5,4,7.9,0.506,1.2,3.7,0.324,2.8,4.2,0.667,0.582,2.2,2.5,0.88,1.2,2.6,3.8,1.4,0.9,0.2,0.8,1.9,11.4,
250,Sam Hauser,27,BOS,PF,70,18,21.6,3,6.6,0.452,2.3,5.6,0.413,0.7,1,0.658,0.626,0.1,0.1,1,0.6,2.5,3.2,0.9,0.6,0.2,0.3,1.2,8.4,
251,Jaylen Nowell,25,NOP,SG,8,0,21,3.3,9.1,0.356,1,3.4,0.296,2.3,5.8,0.391,0.411,0.9,1.4,0.636,0.8,1.8,2.5,2.3,0.1,0.5,1,1.1,8.4,
252,Cason Wallace,21,OKC,SG,68,43,27.6,3.4,7.2,0.474,1.1,3.1,0.356,2.3,4.1,0.562,0.55,0.4,0.5,0.811,1,2.3,3.4,2.5,1.8,0.5,0.9,2.1,8.4,
253,Bruce Brown,28,2TM,PG,41,12,22.5,3.2,7.5,0.421,0.7,2,0.333,2.5,5.6,0.452,0.464,1.3,1.6,0.815,1,3,4,2,0.8,0.2,1,1.7,8.3,
253,Bruce Brown,28,TOR,PG,18,0,19.6,3.2,7.3,0.435,0.6,2,0.306,2.6,5.3,0.484,0.477,1.4,1.6,0.897,0.9,2.8,3.8,1.6,0.9,0.2,1.1,1.4,8.4,
253,Bruce Brown,28,NOP,PG,23,12,24.7,3.2,7.7,0.41,0.7,2,0.356,2.5,5.8,0.429,0.455,1.2,1.6,0.75,1,3.2,4.2,2.4,0.7,0.3,0.9,2,8.2,
254,Brandon Clarke,28,MEM,PF,64,18,18.9,3.7,5.9,0.621,0,0.3,0.059,3.7,5.7,0.647,0.622,1,1.4,0.701,2,3.1,5.1,1,0.8,0.6,0.6,2.3,8.3,
255,Mike Conley,37,MIN,PG,70,63,24.9,2.7,6.6,0.402,1.8,4.4,0.412,0.9,2.2,0.382,0.539,1.2,1.3,0.9,0.5,2.1,2.6,4.5,1.1,0.2,1.1,1.6,8.3,
256,Keon Ellis,25,SAC,SG,79,27,24.3,2.8,5.8,0.489,1.7,4,0.437,1.1,1.8,0.607,0.64,0.9,1.1,0.849,0.8,1.9,2.7,1.5,1.5,0.8,0.9,2.2,8.3,
257,Tyson Etienne,25,BRK,PG,6,0,22.3,2.7,8.2,0.327,2,6.8,0.293,0.7,1.3,0.5,0.449,1,1.3,0.75,0.5,1,1.5,1.8,0.5,0.2,1.3,2.7,8.3,
258,Quinten Post,24,GSW,PF,41,14,16.5,3,6.7,0.451,1.8,4.3,0.41,1.2,2.3,0.526,0.584,0.5,0.7,0.778,0.9,2.7,3.5,1.4,0.4,0.4,0.8,2,8.3,
259,Taurean Prince,30,MIL,SF,80,73,27.1,2.9,6.4,0.457,1.8,4.2,0.439,1.1,2.2,0.492,0.6,0.5,0.6,0.813,0.4,3.2,3.6,1.9,1,0.2,1,2.1,8.2,
260,Dalano Banton,25,POR,PG,66,6,16.4,2.9,7.3,0.392,1,3.2,0.324,1.8,4.2,0.444,0.462,1.3,1.8,0.727,0.4,1.5,2,2.3,0.6,0.5,1.3,0.8,8.1,
261,Jaime Jaquez Jr.,23,MIA,SF,65,16,20.4,3,6.7,0.449,0.5,1.7,0.31,2.5,5,0.497,0.489,1.6,2.1,0.756,1.3,3,4.3,2.4,0.9,0.2,1.5,1.2,8.1,
262,Jalen Smith,24,CHI,C,63,2,15,2.9,6.3,0.468,1.1,3.5,0.324,1.8,2.8,0.648,0.558,1.1,1.4,0.816,1.4,4.1,5.5,1,0.3,0.7,0.6,1.5,8.1,
263,Peyton Watson,22,DEN,SF,67,18,24.5,3,6.3,0.476,0.7,2,0.346,2.3,4.3,0.536,0.531,1.4,2,0.696,0.7,2.7,3.4,1.4,0.7,1.4,0.8,1.8,8.1,
264,Davion Mitchell,26,2TM,PG,73,36,27.5,3,6.5,0.468,1.2,2.9,0.398,1.9,3.6,0.525,0.557,0.8,1.2,0.69,0.5,1.8,2.2,4.9,1,0.2,1.7,2.5,8,
264,Davion Mitchell,26,TOR,PG,44,22,24.5,2.4,5.5,0.434,1,2.7,0.359,1.5,2.9,0.504,0.52,0.6,0.8,0.676,0.4,1.6,1.9,4.6,0.7,0.2,1.8,2.6,6.3,
264,Davion Mitchell,26,MIA,PG,29,14,32,4,7.9,0.504,1.4,3.2,0.447,2.5,4.6,0.545,0.596,1.1,1.6,0.702,0.7,2,2.7,5.2,1.4,0.3,1.7,2.4,10.5,
265,Caleb Martin,29,2TM,SF,44,24,27.2,2.9,6.7,0.426,0.8,2.3,0.37,2,4.5,0.454,0.488,1.4,2.2,0.622,1.2,2.8,4,2.2,1,0.5,1.3,1.9,8,
265,Caleb Martin,29,PHI,SF,31,24,30.4,3.3,7.5,0.435,1.1,2.8,0.379,2.2,4.7,0.469,0.506,1.5,2.4,0.622,1.4,3,4.4,2.2,1.1,0.6,1.4,2,9.1,
265,Caleb Martin,29,DAL,SF,13,0,19.5,1.9,4.9,0.391,0.3,1,0.308,1.6,3.9,0.412,0.422,1.2,1.8,0.625,0.7,2.2,2.9,2,0.9,0.2,1,1.7,5.3,
266,KJ Simpson,22,CHO,PG,35,14,23.1,2.9,8.4,0.349,0.9,3.7,0.258,2,4.8,0.419,0.405,1.2,1.4,0.82,1.1,1.9,3,3.1,0.9,0.2,1.5,1.5,8,
267,Day'Ron Sharpe,23,BRK,C,50,2,18.1,3.3,6.3,0.521,0.2,0.9,0.244,3.1,5.4,0.566,0.538,1.1,1.5,0.757,3,3.6,6.6,1.8,0.8,0.8,1.3,2.3,7.9,
268,Karlo Matkovi?,23,NOP,PF,42,7,18.8,3.2,5.6,0.574,0.5,1.6,0.318,2.7,4,0.675,0.619,0.8,1,0.773,1.5,3.5,5,1.1,0.5,1,1,2.5,7.7,
269,Lonzo Ball,27,CHI,PG,35,14,22.2,2.5,6.9,0.366,1.9,5.6,0.344,0.6,1.4,0.458,0.504,0.6,0.8,0.815,0.7,2.7,3.4,3.3,1.3,0.5,1.2,1.6,7.6,
270,Terance Mann,28,2TM,SG,66,12,21,3,6,0.491,0.9,2.4,0.373,2.1,3.6,0.571,0.566,0.7,1,0.697,1,2,3,1.8,0.7,0.2,0.7,1.9,7.5,
270,Terance Mann,28,LAC,SG,37,12,19.8,2.4,5.3,0.446,0.7,2,0.347,1.6,3.2,0.508,0.513,0.6,0.9,0.719,0.9,2,2.9,1.6,0.8,0.3,0.7,1.8,6,
270,Terance Mann,28,ATL,SG,29,0,22.5,3.8,7,0.534,1.2,3,0.395,2.6,4.1,0.636,0.618,0.8,1.2,0.676,1.2,1.9,3.1,2,0.7,0.1,0.7,2.1,9.5,
271,AJ Johnson,20,2TM,SG,28,10,21.1,2.7,7,0.386,0.8,3,0.259,1.9,4,0.482,0.442,1.1,1.3,0.865,0.3,1.8,2.1,2.4,0.4,0.1,1.2,1.7,7.4,
271,AJ Johnson,20,MIL,SG,7,0,6.3,1.1,2.7,0.421,0.4,0.7,0.6,0.7,2,0.357,0.5,0.1,0.3,0.5,0,1,1,1,0.1,0,0.6,0,2.9,
271,AJ Johnson,20,WAS,SG,21,10,26,3.2,8.5,0.382,0.9,3.8,0.238,2.3,4.7,0.5,0.435,1.5,1.7,0.886,0.4,2,2.4,2.9,0.5,0.1,1.4,2.3,8.9,
272,Damion Baugh,24,CHO,SG,14,2,24.6,2.8,8.6,0.325,0.9,3.8,0.226,1.9,4.8,0.403,0.375,0.9,1.1,0.867,0.8,2.3,3.1,3.6,1,0.1,1.9,1.4,7.4,
273,A.J. Green,25,MIL,SG,72,6,22.8,2.5,5.8,0.43,2.1,5,0.426,0.4,0.8,0.45,0.612,0.3,0.4,0.815,0.3,2.1,2.4,1.4,0.5,0.1,0.6,2.2,7.4,
274,Josh Green,24,CHO,SG,68,67,27.8,2.6,6.2,0.428,1.4,3.6,0.391,1.2,2.5,0.48,0.543,0.7,1.1,0.681,0.8,1.7,2.5,1.6,1.1,0.2,1,2.4,7.4,
275,Richaun Holmes,31,WAS,PF,31,7,17.2,2.9,4.5,0.647,0,0.1,0,2.9,4.4,0.662,0.647,1.6,1.9,0.833,2,3.7,5.7,1.4,0.3,0.7,0.7,1.6,7.4,
276,Garrison Mathews,28,ATL,SG,46,2,17.2,2.1,5.4,0.395,1.8,4.6,0.389,0.3,0.8,0.432,0.56,1.4,1.7,0.818,0.3,1.5,1.8,1.3,0.6,0.3,0.6,1.7,7.4,
277,Alec Burks,33,MIA,SG,49,14,17.6,2.3,5.5,0.424,1.8,4.2,0.425,0.6,1.3,0.422,0.587,0.8,1,0.776,0.3,2.2,2.5,1.1,0.6,0.1,0.6,0.8,7.3,
278,Ricky Council IV,23,PHI,SF,72,12,17.1,2.4,6.3,0.385,0.8,2.9,0.258,1.7,3.4,0.492,0.444,1.7,2.1,0.801,0.7,2.2,2.9,1.3,0.4,0.2,0.7,0.9,7.3,
279,N'Faly Dante,23,HOU,C,3,0,15.3,3,4,0.75,0,0,,3,4,0.75,0.75,1.3,1.7,0.8,2,3.7,5.7,0.7,0.3,1.7,0.7,2.7,7.3,
280,Andre Drummond,31,PHI,C,40,23,18.8,2.9,5.9,0.5,0.1,0.5,0.15,2.9,5.4,0.533,0.506,1.4,2.3,0.622,2.7,5,7.8,0.9,1,0.5,1.4,2.4,7.3,
281,GG Jackson II,20,MEM,PF,28,2,15.1,2.6,6.7,0.385,1.1,3.3,0.337,1.5,3.4,0.432,0.468,1,1.4,0.725,0.9,2.2,3.1,0.9,0.4,0.2,1,1,7.3,
282,Tre Jones,25,2TM,PG,46,9,19.7,2.8,5.2,0.538,0.4,1,0.396,2.4,4.1,0.574,0.578,1.2,1.5,0.821,0.7,1.8,2.5,4.2,0.8,0.2,0.8,1.2,7.2,
282,Tre Jones,25,SAS,PG,28,0,16.1,1.6,3.3,0.484,0.3,0.9,0.308,1.3,2.4,0.552,0.527,0.9,1.2,0.758,0.5,1.5,2.1,3.7,0.6,0.2,0.8,1.2,4.4,
282,Tre Jones,25,CHI,PG,18,9,25.3,4.6,8.1,0.572,0.6,1.2,0.5,4,6.8,0.585,0.61,1.7,1.9,0.882,0.9,2.3,3.2,4.9,1.1,0.3,0.8,1.2,11.5,
283,Sam Merrill,28,CLE,SG,71,4,19.7,2.4,6,0.406,1.9,5.2,0.372,0.5,0.8,0.625,0.567,0.4,0.4,0.966,0.5,1.7,2.2,1.5,0.7,0.2,0.5,1.7,7.2,
284,Jalen Hood-Schifino,21,2TM,SG,14,0,20.5,2.5,6.4,0.393,0.9,3,0.31,1.6,3.4,0.468,0.466,1.1,1.4,0.842,0.1,1.6,1.8,2.4,0.4,0.5,1.1,1.6,7.1,
284,Jalen Hood-Schifino,21,LAL,SG,2,0,7,0.5,0.5,1,0,0,,0.5,0.5,1,1,1,1,1,0.5,0,0.5,0.5,0,0.5,0.5,1.5,2,
284,Jalen Hood-Schifino,21,PHI,SG,12,0,22.8,2.8,7.3,0.386,1.1,3.5,0.31,1.8,3.8,0.457,0.46,1.2,1.4,0.824,0.1,1.9,2,2.8,0.4,0.5,1.3,1.7,7.9,
285,Goga Bitadze,25,ORL,C,69,42,20.3,2.9,4.8,0.615,0,0.4,0.111,2.9,4.4,0.66,0.62,1.2,1.9,0.643,2.4,4.3,6.6,1.9,0.7,1.4,1,2.1,7.1,
286,Alex Caruso,30,OKC,SG,54,3,19.3,2.6,5.8,0.446,1.1,3.1,0.353,1.5,2.7,0.556,0.541,0.8,0.9,0.824,0.7,2.2,2.9,2.5,1.6,0.6,0.7,1.9,7.1,
287,Tristan Da Silva,23,ORL,SF,73,37,21.8,2.7,6.4,0.413,1,3.2,0.326,1.6,3.2,0.498,0.494,0.8,0.9,0.873,1,2.3,3.3,1.5,0.5,0.2,0.8,1.3,7.1,
288,Vit Krejci,24,ATL,PG,56,16,20.1,2.5,5.1,0.488,1.6,3.6,0.431,0.9,1.5,0.627,0.641,0.6,0.8,0.705,0.4,2.3,2.7,2.5,0.6,0.5,0.8,1.8,7.1,
289,Jamal Shead,22,TOR,PG,74,10,19.3,2.7,6.6,0.407,0.9,2.9,0.321,1.8,3.7,0.474,0.478,0.7,0.9,0.776,0.4,1.1,1.5,4.1,0.8,0.1,1.5,2.1,7.1,
290,Bol Bol,25,PHO,PF,35,10,12.7,2.7,5.2,0.525,0.9,2.7,0.344,1.8,2.6,0.711,0.612,0.6,0.7,0.769,0.6,2.4,3,0.6,0.3,0.7,0.6,0.6,7,
291,Jeff Dowtin,27,PHI,PG,41,3,15.1,2.7,5.6,0.487,0.7,1.7,0.4,2,3.9,0.525,0.548,0.8,1.1,0.733,0.3,1.2,1.5,1.9,0.6,0.3,0.4,0.7,7,
292,Marcus Garrett,26,CHO,SG,4,0,19.8,2.8,6.8,0.407,0.8,2,0.375,2,4.8,0.421,0.463,0.8,1,0.75,0.3,1.3,1.5,3.3,0.8,0.5,1.5,2.5,7,
293,Isaiah Jackson,23,IND,C,5,1,16.8,2.8,4.6,0.609,0,0,,2.8,4.6,0.609,0.609,1.4,2.8,0.5,2.2,3.4,5.6,1,0.6,1.6,1,2.8,7,
294,Josh Okogie,26,2TM,SG,39,6,15.6,2.3,5.2,0.446,0.8,2.2,0.353,1.5,3,0.513,0.52,1.5,2.1,0.738,1.2,1.7,2.8,0.8,1.2,0.4,0.8,1.2,6.9,
294,Josh Okogie,26,PHO,SG,25,1,14,2.2,4.6,0.491,0.6,1.7,0.381,1.6,2.9,0.556,0.561,0.9,1.3,0.688,1.3,1.6,2.9,0.6,0.8,0.4,0.6,1.1,6,
294,Josh Okogie,26,CHO,SG,14,5,18.3,2.4,6.3,0.386,1,3.1,0.326,1.4,3.2,0.444,0.466,2.6,3.4,0.771,0.9,1.9,2.8,1.2,1.9,0.5,1,1.4,8.5,
295,Orlando Robinson,24,2TM,C,44,8,17.5,2.6,5.9,0.444,0.4,1.2,0.327,2.3,4.8,0.474,0.477,1.2,1.6,0.771,2,3,5,1.8,0.4,0.4,1.1,2.3,6.9,
295,Orlando Robinson,24,SAC,C,9,0,6.3,0.8,1.9,0.412,0.1,0.6,0.2,0.7,1.3,0.5,0.441,0.4,0.8,0.571,0.3,1.2,1.6,1,0.3,0.1,0.4,0.7,2.1,
295,Orlando Robinson,24,TOR,C,35,8,20.4,3.1,7,0.447,0.5,1.3,0.34,2.7,5.6,0.472,0.48,1.4,1.8,0.794,2.5,3.4,5.9,1.9,0.4,0.4,1.3,2.7,8.1,
296,Jake LaRavia,23,2TM,PF,66,0,20.4,2.4,5.1,0.475,0.9,2.2,0.423,1.5,3,0.513,0.564,1.2,1.7,0.678,1.4,2.6,3.9,2.4,0.9,0.3,1.3,2,6.9,
296,Jake LaRavia,23,MEM,PF,47,0,20.9,2.5,5.1,0.49,0.9,1.9,0.444,1.7,3.2,0.517,0.573,1.4,2,0.698,1.4,2.9,4.4,2.8,0.9,0.4,1.5,2,7.3,
296,Jake LaRavia,23,SAC,PF,19,0,19.3,2.2,5.1,0.438,1.1,2.7,0.385,1.2,2.3,0.5,0.542,0.6,1,0.579,1.2,1.6,2.8,1.3,0.9,0.2,0.9,2.1,6.1,
297,Matisse Thybulle,27,POR,SG,14,4,20.2,2.6,5.5,0.481,1.3,3.1,0.419,1.4,2.4,0.559,0.597,0.4,0.6,0.625,0.7,2.6,3.4,1.9,2.2,0.6,0.9,0.9,6.9,
298,Cody Martin,29,2TM,SF,52,8,22.3,2.6,6.2,0.419,0.8,2.9,0.289,1.8,3.3,0.532,0.486,0.8,1.2,0.705,1,3.3,4.3,2,1.1,0.6,1,1.8,6.8,
298,Cody Martin,29,CHO,SF,39,8,24.8,3,6.9,0.433,1,3.2,0.323,1.9,3.7,0.528,0.507,0.9,1.3,0.694,1,3.5,4.5,2.3,1.1,0.7,1.1,1.8,7.8,
298,Cody Martin,29,PHO,SF,13,0,14.9,1.5,4.2,0.352,0.2,1.9,0.12,1.2,2.2,0.552,0.38,0.7,0.9,0.75,1,2.5,3.5,1.2,1,0.5,0.6,1.7,3.8,
299,Jamison Battle,23,TOR,SF,58,9,17.2,2.4,5.7,0.427,1.7,4.2,0.402,0.7,1.4,0.5,0.576,0.3,0.3,0.889,0.6,1.9,2.6,0.9,0.3,0.2,0.4,1.5,6.8,
300,Ryan Dunn,22,PHO,SF,73,43,18.9,2.7,6.4,0.429,1.1,3.5,0.31,1.6,2.8,0.577,0.515,0.3,0.5,0.487,1.2,2.3,3.5,0.7,0.6,0.5,0.5,2.2,6.8,
301,Eric Gordon,36,PHI,SG,39,13,19.7,2.2,5.2,0.426,1.4,3.5,0.409,0.8,1.7,0.463,0.564,0.9,1.2,0.75,0.2,1,1.2,1.7,0.7,0.3,0.7,0.8,6.8,
302,Jaxson Hayes,24,LAL,C,56,35,19.5,2.9,4,0.722,0,0.1,0,2.9,3.9,0.732,0.722,1.1,1.8,0.622,1.4,3.4,4.8,1,0.6,0.9,0.8,2.4,6.8,
303,Oscar Tshiebwe,25,UTA,C,13,1,17.8,2.7,4.8,0.565,0,0,,2.7,4.8,0.565,0.565,1.5,2,0.731,3.2,5.2,8.5,0.5,0.8,0,0.5,1.7,6.8,
304,Cameron Payne,30,NYK,PG,71,4,14.9,2.4,6.1,0.4,1.3,3.5,0.361,1.2,2.6,0.451,0.503,0.6,0.7,0.896,0.2,1.2,1.4,2.8,0.5,0.2,0.7,1.5,6.7,
305,Vasilije Mici?,31,2TM,PG,41,16,19.1,2.3,6.7,0.348,1.1,3,0.36,1.2,3.6,0.338,0.43,0.8,1,0.829,0.5,1.7,2.2,3.1,0.4,0,1.9,1.1,6.6,
305,Vasilije Mici?,31,CHO,PG,36,16,21.2,2.6,7.6,0.348,1.3,3.5,0.36,1.4,4.1,0.338,0.43,0.9,1.1,0.829,0.6,1.9,2.4,3.5,0.4,0,2.1,1.2,7.5,
305,Vasilije Mici?,31,PHO,PG,5,0,4.2,0,0,,0,0,,0,0,,,0,0,,0,0.4,0.4,0.2,0,0,0.6,0.2,0,
306,Jay Huff,26,MEM,C,63,2,11.4,2.3,4.7,0.505,1.3,3.1,0.403,1.1,1.5,0.711,0.64,0.7,0.9,0.778,0.4,1.5,2,0.6,0.2,0.8,0.5,1.2,6.6,
307,Trayce Jackson-Davis,24,GSW,C,62,37,15.6,2.8,4.9,0.576,0,0,0,2.8,4.8,0.582,0.576,1,1.6,0.578,2,3,5,1.7,0.4,0.6,0.7,1.2,6.6,
308,DaQuan Jeffries,27,CHO,SG,46,19,22.7,2.5,6.1,0.409,1.1,3.4,0.333,1.3,2.7,0.504,0.502,0.5,0.6,0.828,0.8,2.1,2.8,1.2,0.5,0.5,0.7,2.1,6.6,
309,Antonio Reeves,24,NOP,SG,43,5,14.4,2.4,5.4,0.449,1.2,2.9,0.408,1.3,2.5,0.495,0.558,0.6,0.7,0.8,0.4,0.9,1.3,0.9,0.5,0.1,0.7,0.9,6.6,
310,Thomas Bryant,27,2TM,C,65,8,14.5,2.5,4.8,0.508,0.7,2.2,0.326,1.7,2.6,0.661,0.583,0.8,1,0.859,1.3,2.6,3.8,0.8,0.4,0.6,0.5,1.2,6.5,
310,Thomas Bryant,27,MIA,C,10,0,11.5,1.2,2.8,0.429,0.6,1.7,0.353,0.6,1.1,0.545,0.536,1.1,1.1,1,0.6,2.6,3.2,0.4,0.1,0.9,0.2,0.9,4.1,
310,Thomas Bryant,27,IND,C,55,8,15.1,2.7,5.2,0.516,0.7,2.3,0.323,1.9,2.9,0.669,0.587,0.8,1,0.83,1.4,2.5,3.9,0.9,0.5,0.6,0.5,1.2,6.9,
311,Seth Curry,34,CHO,SG,68,14,15.6,2.4,5,0.478,1.2,2.7,0.456,1.2,2.4,0.503,0.599,0.5,0.6,0.846,0.4,1.3,1.7,0.9,0.4,0.1,0.5,0.9,6.5,
312,Ron Holland,19,DET,SF,80,1,15.6,2.4,5.2,0.473,0.4,1.9,0.235,2,3.3,0.608,0.516,1.2,1.5,0.76,0.5,2.2,2.7,1,0.6,0.2,0.9,1.8,6.5,
313,Trey Lyles,29,SAC,PF,68,5,19.5,2.3,5.4,0.42,1.2,3.4,0.342,1.1,2,0.556,0.529,0.8,1.2,0.696,1.2,3.4,4.6,1.2,0.6,0.3,0.6,1.3,6.5,
314,Ajay Mitchell,22,OKC,SG,35,1,16.5,2.5,5,0.506,0.6,1.5,0.415,1.9,3.5,0.545,0.569,0.8,1,0.829,0.5,1.4,1.9,1.8,0.7,0.1,0.8,1.8,6.5,
315,Gary Payton II,32,GSW,SG,61,11,14.8,2.8,4.8,0.578,0.5,1.5,0.33,2.3,3.3,0.695,0.631,0.4,0.6,0.711,0.9,2.1,3,1.3,0.8,0.3,0.6,1.7,6.5,
316,Precious Achiuwa,25,NYK,C,56,9,20.3,2.8,5.5,0.505,0.2,0.6,0.278,2.6,4.9,0.535,0.521,0.7,1.2,0.6,1.8,3.7,5.5,0.9,0.8,0.8,0.8,1.4,6.4,
317,Donovan Clingan,20,POR,C,66,36,19.7,2.6,4.9,0.537,0.2,0.7,0.286,2.4,4.2,0.582,0.559,0.9,1.5,0.62,3.2,4.6,7.8,1.1,0.5,1.6,1.1,2.8,6.4,
318,Haywood Highsmith,28,MIA,SF,73,41,24.6,2.4,5.2,0.457,1.2,3.1,0.382,1.2,2.1,0.569,0.571,0.4,0.6,0.721,1,2.4,3.4,1.5,0.9,0.5,0.7,2.2,6.4,
319,Talen Horton-Tucker,24,CHI,SG,57,0,12.2,2.2,4.9,0.45,0.7,2.1,0.342,1.5,2.8,0.531,0.523,1.2,1.6,0.736,0.3,1.4,1.7,1.4,0.3,0.2,0.7,1,6.4,
320,KJ Martin,24,2TM,PF,43,16,21.2,2.6,4.7,0.552,0.3,1.3,0.259,2.2,3.3,0.671,0.59,0.9,1.1,0.787,0.7,2.2,2.9,1.1,0.4,0.5,0.6,2.3,6.4,
320,KJ Martin,24,PHI,PF,24,7,20,2.5,4.1,0.616,0.3,0.9,0.381,2.2,3.3,0.679,0.657,1,1.2,0.828,0.9,2.1,3,0.8,0.5,0.7,0.5,2.6,6.4,
320,KJ Martin,24,UTA,SF,19,9,22.7,2.6,5.4,0.49,0.4,1.9,0.189,2.3,3.4,0.662,0.525,0.7,0.9,0.722,0.5,2.3,2.8,1.5,0.3,0.3,0.6,2.1,6.3,
321,Marcus Sasser,24,DET,PG,56,0,13.7,2.3,4.9,0.469,1,2.6,0.39,1.3,2.3,0.557,0.572,0.7,0.9,0.833,0.3,0.9,1.2,2.2,0.6,0.1,0.9,1.3,6.4,
322,Gabe Vincent,28,LAL,PG,72,11,21.2,2.3,5.8,0.4,1.5,4.3,0.353,0.8,1.5,0.532,0.53,0.2,0.3,0.714,0.3,1,1.3,1.4,0.7,0.2,0.6,2.1,6.4,
323,Vince Williams Jr.,24,MEM,SG,26,4,18.2,2.4,6.1,0.396,0.9,3.5,0.261,1.5,2.6,0.582,0.472,0.7,0.8,0.773,0.7,2.7,3.3,1.9,0.5,0.2,1.3,1.7,6.4,
324,Zach Collins,27,2TM,PF,63,12,15.3,2.4,4.7,0.505,0.5,1.7,0.295,1.9,3,0.621,0.558,1,1.2,0.878,1.6,2.9,4.5,1.7,0.5,0.5,1,2.1,6.3,
324,Zach Collins,27,SAS,C,36,4,11.8,1.7,3.7,0.462,0.4,1.3,0.304,1.3,2.4,0.547,0.515,0.9,1,0.886,1.1,1.8,2.8,1.4,0.4,0.4,0.6,1.9,4.6,
324,Zach Collins,27,CHI,PF,27,8,19.9,3.3,6,0.54,0.6,2.2,0.288,2.6,3.9,0.683,0.592,1.3,1.4,0.872,2.3,4.4,6.8,2.1,0.6,0.5,1.4,2.3,8.4,
325,Chuma Okeke,26,2TM,PF,8,3,21.8,2.4,4.4,0.543,1.3,2.9,0.435,1.1,1.5,0.75,0.686,0.3,0.4,0.667,2.5,2.9,5.4,1.6,0.6,0.4,0.4,0.6,6.3,
325,Chuma Okeke,26,PHI,PF,7,3,24.4,2.6,4.7,0.545,1.4,3.1,0.455,1.1,1.6,0.727,0.697,0.3,0.4,0.667,2.9,3.3,6.1,1.9,0.7,0.4,0.4,0.7,6.9,
325,Chuma Okeke,26,CLE,PF,1,0,3,1,2,0.5,0,1,0,1,1,1,0.5,0,0,,0,0,0,0,0,0,0,0,2,
326,Marcus Bagley,23,PHI,SF,9,3,23.3,2.6,6.7,0.383,0.6,3.2,0.172,2,3.4,0.581,0.425,0.7,0.9,0.75,2.1,4,6.1,1,0.6,1.2,0.6,1.4,6.3,
327,Kris Dunn,30,LAC,PG,73,57,23.9,2.6,5.9,0.434,1,3,0.326,1.6,2.9,0.547,0.517,0.2,0.3,0.682,0.7,2.7,3.4,2.8,1.7,0.4,1,2.6,6.3,
328,Jeremiah Robinson-Earl,24,NOP,PF,65,8,18.6,2.4,5.1,0.465,0.8,2.4,0.35,1.5,2.7,0.569,0.548,0.7,0.8,0.849,1.6,3,4.6,1.3,0.6,0.1,0.8,1.2,6.3,
329,Bones Hyland,24,2TM,PG,24,0,10,2,4.9,0.398,1.3,3.4,0.39,0.6,1.5,0.417,0.534,1,1.1,0.885,0.2,0.8,1,1.3,0.8,0.2,1,1.2,6.2,
329,Bones Hyland,24,LAC,PG,20,0,11.1,2.3,5.8,0.391,1.6,4,0.388,0.7,1.8,0.4,0.526,1.2,1.3,0.885,0.3,1,1.2,1.4,0.9,0.2,1.2,1.3,7.2,
329,Bones Hyland,24,MIN,PG,4,0,4.3,0.5,0.8,0.667,0.3,0.5,0.5,0.3,0.3,1,0.833,0,0,,0,0.3,0.3,1,0,0,0.3,0.8,1.3,
330,Sandro Mamukelashvili,25,SAS,PF,60,0,11,2.3,4.6,0.495,1,2.7,0.377,1.3,1.9,0.658,0.604,0.7,1,0.741,1,2,3.1,0.7,0.4,0.3,0.4,1,6.2,
331,Ryan Rollins,22,MIL,PG,56,19,14.6,2.4,4.8,0.487,0.9,2.1,0.408,1.5,2.7,0.55,0.577,0.6,0.8,0.8,0.4,1.6,1.9,1.9,0.8,0.3,0.9,1.6,6.2,
332,Dru Smith,27,MIA,SG,14,1,19.1,2.2,4.4,0.508,1.1,2.1,0.533,1.1,2.2,0.484,0.639,0.6,0.9,0.75,0.9,1.7,2.6,1.6,1.5,0.4,1.2,2.1,6.2,
333,Kenrich Williams,30,OKC,PF,68,6,16.1,2.4,4.9,0.485,1,2.4,0.402,1.4,2.5,0.564,0.583,0.4,0.5,0.771,0.9,2.4,3.4,1.4,0.6,0.1,0.5,1.6,6.2,
334,Mouhamed Gueye,22,ATL,PF,32,27,16.4,2.2,5.3,0.42,0.6,2.5,0.25,1.6,2.8,0.573,0.479,1,1.3,0.762,1.3,2.9,4.2,0.8,0.9,1,0.5,1.7,6.1,
335,Jonathan Mogbo,23,TOR,PF,62,17,20.2,2.5,5.5,0.444,0.3,1,0.262,2.2,4.5,0.487,0.469,1,1.3,0.738,1.7,3.1,4.8,2.2,0.8,0.5,1.1,2.1,6.1,
336,Isaac Okoro,24,CLE,SG,55,22,19.1,2.3,4.9,0.464,1,2.7,0.371,1.2,2.1,0.586,0.569,0.6,0.8,0.717,0.9,1.5,2.4,1.2,0.6,0.3,0.4,1.9,6.1,
337,Jarace Walker,21,IND,PF,74,4,15.6,2.2,4.7,0.476,1,2.4,0.411,1.2,2.3,0.545,0.582,0.6,0.9,0.667,0.3,2.6,3,1.4,0.7,0.3,1.1,1.5,6.1,
338,Luke Kornet,29,BOS,C,72,15,18.5,2.5,3.8,0.672,0,0,0,2.5,3.7,0.677,0.672,0.9,1.3,0.695,2.6,2.7,5.3,1.6,0.5,0.9,0.4,1.6,6,
339,Jaylen Sims,26,CHO,SG,5,0,18.2,1.6,3.8,0.421,0.8,2,0.4,0.8,1.8,0.444,0.526,2,2.4,0.833,0.4,0.6,1,2,0.4,0.2,1.4,1.4,6,
340,Isaiah Stewart,23,DET,C,72,4,19.9,2.4,4.4,0.559,0.2,0.7,0.321,2.2,3.6,0.607,0.586,0.9,1.2,0.759,1.8,3.7,5.5,1.7,0.4,1.4,0.9,2.5,6,
341,Jaylin Williams,22,OKC,PF,46,8,17,2.1,4.8,0.441,1.3,3.3,0.399,0.8,1.5,0.537,0.58,0.5,0.7,0.767,1,4.6,5.7,2.6,0.5,0.6,0.8,1.7,6,
342,James Wiseman,23,IND,C,1,0,5,2,4,0.5,0,1,0,2,3,0.667,0.5,2,2,1,0,1,1,0,0,0,0,0,6,
343,Isaiah Wong,24,CHO,SG,20,0,13.3,2.1,5.3,0.39,0.7,1.7,0.394,1.4,3.6,0.389,0.452,1.3,1.7,0.735,0.7,0.9,1.6,1.4,0.6,0,0.9,1.1,6,
344,Cole Swider,25,2TM,SF,10,0,16.9,2.2,6.3,0.349,1.5,4.7,0.319,0.7,1.6,0.438,0.468,0,0.1,0,0.5,2.2,2.7,0.3,0.4,0.2,0.4,1.2,5.9,
344,Cole Swider,25,DET,SF,2,0,6.5,0,2.5,0,0,2.5,0,0,0,,0,0,0,,0,1,1,0.5,0,0,0,0.5,0,
344,Cole Swider,25,TOR,SF,8,0,19.5,2.8,7.3,0.379,1.9,5.3,0.357,0.9,2,0.438,0.509,0,0.1,0,0.6,2.5,3.1,0.3,0.5,0.3,0.5,1.4,7.4,
345,Kyle Anderson,31,2TM,PF,60,4,16.2,2.3,4.9,0.473,0.4,1.2,0.357,1.9,3.8,0.509,0.515,0.8,1.1,0.73,0.9,2.5,3.3,2.4,0.7,0.5,0.6,1.3,5.9,
345,Kyle Anderson,31,GSW,PF,36,3,15,2.1,4.7,0.45,0.5,1.4,0.365,1.6,3.3,0.487,0.506,0.5,0.8,0.667,0.8,2.3,3.1,2.3,0.7,0.6,0.6,1.1,5.3,
345,Kyle Anderson,31,MIA,SF,24,1,18,2.7,5.3,0.504,0.3,0.8,0.333,2.4,4.5,0.532,0.528,1.2,1.5,0.778,1,2.7,3.8,2.5,0.6,0.4,0.7,1.7,6.8,
346,Tidjane Sala?n,19,CHO,PF,59,9,20.5,1.9,5.7,0.338,1,3.4,0.288,0.9,2.3,0.412,0.424,1.1,1.6,0.707,1.2,3.5,4.7,1.2,0.5,0.2,0.9,1.4,5.9,
347,Moses Brown,25,2TM,C,13,2,9.2,2.6,3.8,0.694,0,0,,2.6,3.8,0.694,0.694,0.6,0.8,0.727,0.9,2.5,3.4,0.2,0.5,0.3,0.8,1.3,5.8,
347,Moses Brown,25,IND,C,9,0,5.1,1.4,2.2,0.65,0,0,,1.4,2.2,0.65,0.65,0.3,0.6,0.6,0.4,1,1.4,0,0.2,0.1,0.7,0.7,3.2,
347,Moses Brown,25,DAL,C,4,2,18.3,5.3,7.3,0.724,0,0,,5.3,7.3,0.724,0.724,1.3,1.5,0.833,2,5.8,7.8,0.5,1,0.8,1.3,2.8,11.8,
348,Lester Qui?ones,24,2TM,SG,12,0,12.5,2.2,5.3,0.413,0.9,2.9,0.314,1.3,2.3,0.536,0.5,0.5,0.7,0.75,0.3,0.8,1.2,1.5,0.3,0.2,1.2,1.2,5.8,
348,Lester Qui?ones,24,PHI,SG,4,0,4.3,1,2,0.5,0,0.8,0,1,1.3,0.8,0.5,0.3,0.3,1,0.8,0.3,1,0.3,0,0,1,0,2.3,
348,Lester Qui?ones,24,NOP,SG,8,0,16.6,2.8,6.9,0.4,1.4,4,0.344,1.4,2.9,0.478,0.5,0.6,0.9,0.714,0.1,1.1,1.3,2.1,0.4,0.3,1.3,1.8,7.5,
349,Simone Fontecchio,29,DET,SF,74,0,16.4,2,4.9,0.398,1,3,0.327,1,1.9,0.507,0.497,0.9,1.1,0.831,0.7,2.2,2.9,0.9,0.4,0.2,0.7,1.3,5.8,
350,Dariq Whitehead,20,BRK,SF,19,0,12.4,2,4.9,0.409,1.7,3.8,0.444,0.3,1.1,0.286,0.581,0.2,0.3,0.6,0.2,1.3,1.5,0.6,0.3,0.1,0.8,1.1,5.8,
351,Robert Williams,27,POR,C,20,3,17.6,2.5,3.9,0.641,0.1,0.2,0.333,2.5,3.8,0.653,0.647,0.8,0.9,0.882,1.8,4.2,5.9,1.1,0.7,1.7,0.9,1.6,5.8,
352,Collin Gillespie,25,PHO,PG,32,8,13.5,2,4.7,0.424,1.1,2.6,0.429,0.9,2.1,0.418,0.543,0.6,0.6,0.9,0.7,1.7,2.3,2.3,0.6,0.2,0.5,0.9,5.7,
353,Adem Bona,21,PHI,C,57,10,15.3,2.3,3.2,0.705,0,0,0,2.3,3.2,0.709,0.705,1.1,1.6,0.67,1.6,2.6,4.1,0.5,0.4,1.2,1.1,2.1,5.6,
354,Moussa Diabat?,23,CHO,C,70,8,17.4,2.3,3.9,0.601,0,0.1,0,2.3,3.8,0.613,0.601,1,1.6,0.598,2.6,3.5,6.1,0.8,0.6,0.6,0.8,1.5,5.6,
355,Aaron Holiday,28,HOU,PG,61,3,12.8,1.9,4.3,0.436,1.1,2.9,0.395,0.7,1.4,0.517,0.568,0.6,0.7,0.829,0.2,1.1,1.3,1.3,0.3,0.2,0.6,1,5.5,
356,Jeff Green,38,HOU,PF,31,3,12.4,1.9,3.7,0.513,0.9,2.4,0.378,1,1.3,0.756,0.635,0.7,0.8,0.808,0.3,1.5,1.8,0.6,0.2,0.1,0.3,1,5.4,
357,Dean Wade,28,CLE,PF,59,30,21.2,1.9,4.6,0.413,1.4,3.8,0.36,0.5,0.8,0.653,0.561,0.3,0.5,0.533,0.9,3.4,4.2,1.3,0.7,0.3,0.4,1.7,5.4,
358,Shake Milton,28,2TM,SG,56,1,14.2,2,4.3,0.46,0.7,1.8,0.363,1.3,2.4,0.533,0.538,0.8,0.9,0.792,0.5,1.3,1.8,1.8,0.4,0.1,0.7,1.2,5.3,
358,Shake Milton,28,BRK,SG,27,1,18.2,2.7,5.8,0.465,1,2.7,0.389,1.7,3.1,0.529,0.554,0.9,1.2,0.758,0.6,1.3,1.9,2.4,0.6,0,0.7,1.6,7.4,
358,Shake Milton,28,LAL,SG,29,0,10.4,1.3,2.8,0.451,0.3,1,0.3,1,1.8,0.538,0.506,0.6,0.7,0.85,0.5,1.3,1.8,1.2,0.3,0.1,0.6,0.8,3.4,
359,Bismack Biyombo,32,SAS,C,27,25,19,2.4,4.1,0.595,0,0,,2.4,4.1,0.595,0.595,0.4,0.9,0.4,1.6,4,5.6,1.1,0.6,0.9,1,1.9,5.3,
360,Kobe Bufkin,21,ATL,SG,10,0,12.4,1.8,4.7,0.383,0.4,1.9,0.211,1.4,2.8,0.5,0.426,1.3,1.8,0.722,0.5,1.6,2.1,1.7,0.3,0.2,0.8,0.9,5.3,
361,Jordan Goodwin,26,LAL,PG,28,5,18.3,2.1,4.6,0.446,0.9,2.3,0.381,1.2,2.4,0.507,0.538,0.3,0.4,0.818,1.3,2.5,3.8,1.4,1,0.4,0.9,1.5,5.3,
362,Jonathan Isaac,27,ORL,PF,70,0,15.3,1.8,4.5,0.41,0.6,2.1,0.262,1.3,2.4,0.542,0.471,1,1.5,0.676,1.7,2.7,4.3,0.5,0.9,1.1,0.5,1.3,5.3,
363,Kevin Love,36,MIA,PF,23,9,10.9,1.8,5,0.357,1,2.9,0.358,0.7,2.1,0.354,0.461,0.7,1,0.696,1,3.1,4.1,1,0.7,0.2,0.6,0.9,5.3,
364,Ben Sheppard,23,IND,SG,63,9,19.5,1.9,4.6,0.418,1.1,3.2,0.342,0.8,1.4,0.591,0.537,0.4,0.4,0.889,0.7,2.1,2.8,1.3,0.6,0.2,0.3,2,5.3,
365,Quenton Jackson,26,IND,PG,27,7,12.6,1.9,3.9,0.481,0.6,1.3,0.417,1.3,2.6,0.514,0.552,0.9,1.2,0.727,0.5,0.9,1.4,1.9,0.6,0.2,0.6,1.5,5.2,
366,Daeqwon Plowden,26,ATL,SG,5,0,8,1.8,2.6,0.692,1.2,2,0.6,0.6,0.6,1,0.923,0.4,0.4,1,0.6,0.8,1.4,0,0,0,0.2,1.2,5.2,
367,Landry Shamet,27,NYK,SG,49,0,14.7,2,4.3,0.455,1.1,2.9,0.385,0.9,1.4,0.6,0.585,0.2,0.3,0.571,0.2,1,1.2,0.6,0.4,0,0.4,1,5.2,
368,Ben Simmons,28,2TM,PG,50,24,22.2,2.3,4.5,0.52,0,0,,2.3,4.5,0.52,0.52,0.5,0.7,0.727,0.9,3.9,4.8,5.7,0.8,0.5,2,2.1,5.1,
368,Ben Simmons,28,BRK,PG,33,24,25,2.8,5.2,0.547,0,0,,2.8,5.2,0.547,0.547,0.5,0.8,0.692,0.9,4.3,5.2,6.9,0.8,0.5,2.7,2.5,6.2,
368,Ben Simmons,28,LAC,PG,17,0,16.7,1.4,3.1,0.434,0,0,,1.4,3.1,0.434,0.434,0.4,0.4,0.857,0.9,3.1,3.9,3.2,0.7,0.4,0.8,1.4,3.1,
369,Javonte Green,31,2TM,SG,67,18,18.5,1.8,4.1,0.433,0.7,2,0.338,1.1,2.1,0.525,0.516,0.8,1.1,0.724,0.9,2.4,3.2,0.8,0.9,0.4,0.5,1.4,5.1,
369,Javonte Green,31,NOP,SG,50,18,21.8,2,4.5,0.446,0.8,2.2,0.352,1.2,2.3,0.534,0.531,1,1.3,0.758,1,2.6,3.6,0.9,1.1,0.6,0.6,1.5,5.8,
369,Javonte Green,31,CLE,SG,17,0,8.6,1.1,3,0.373,0.5,1.6,0.286,0.6,1.4,0.478,0.451,0.3,0.6,0.5,0.5,1.7,2.2,0.5,0.5,0,0.2,0.9,3,
370,Alex Reese,25,2TM,PF,15,0,14.4,1.7,3.6,0.481,1,2.7,0.366,0.7,0.9,0.846,0.62,0.6,0.8,0.75,0.6,2.5,3.1,0.3,0.7,0.7,0.4,1.4,5.1,
370,Alex Reese,25,OKC,PF,1,0,2,1,1,1,0,0,,1,1,1,1,0,0,,1,0,1,0,0,0,0,0,2,
370,Alex Reese,25,PHI,PF,14,0,15.3,1.8,3.8,0.472,1.1,2.9,0.366,0.7,0.9,0.833,0.613,0.6,0.9,0.75,0.6,2.7,3.3,0.3,0.7,0.7,0.4,1.5,5.3,
371,Monte Morris,29,PHO,PG,44,0,12.5,1.8,4.3,0.426,0.7,1.9,0.354,1.2,2.4,0.481,0.503,0.8,1,0.857,0.3,1.2,1.5,1.6,0.5,0.1,0.5,0.5,5.1,
372,Mitchell Robinson,26,NYK,C,17,3,17.1,2.2,3.3,0.661,0,0,,2.2,3.3,0.661,0.661,0.8,1.1,0.684,3.1,2.9,5.9,0.8,0.9,1.1,0.6,1.5,5.1,
373,Jabari Walker,22,POR,SF,59,1,12.3,1.9,3.7,0.518,0.5,1.2,0.389,1.5,2.5,0.581,0.582,0.8,1.2,0.681,1,2.5,3.5,0.6,0.6,0.1,0.6,1.5,5.1,
374,Keaton Wallace,25,ATL,PG,30,4,15.5,1.9,4.7,0.408,0.9,2.5,0.347,1.1,2.2,0.478,0.5,0.4,0.4,1,0.2,1.1,1.3,2.2,0.8,0.3,1,1.2,5.1,
375,Neemias Queta,25,BOS,C,61,6,13.7,2.1,3.2,0.662,0,0,0,2.1,3.2,0.672,0.662,0.8,1,0.754,1.4,2.3,3.8,0.7,0.3,0.7,0.7,1.7,5,
376,Alondes Williams,25,DET,SG,1,0,4,2,2,1,1,1,1,1,1,1,1.25,0,0,,0,0,0,1,0,0,0,0,5,
377,Jaylen Martin,21,2TM,SF,16,0,14.9,1.9,4.6,0.419,0.4,1.4,0.304,1.5,3.2,0.471,0.466,0.6,0.6,0.9,0.7,2.1,2.8,1.1,0.6,0,0.8,0.9,4.9,
377,Jaylen Martin,21,BRK,SF,3,0,1.7,0.3,0.7,0.5,0.3,0.3,1,0,0.3,0,0.75,0,0,,0,0,0,0,0,0,0,0.3,1,
377,Jaylen Martin,21,WAS,SF,13,0,18,2.3,5.5,0.417,0.5,1.7,0.273,1.8,3.8,0.48,0.458,0.7,0.8,0.9,0.8,2.5,3.4,1.3,0.7,0,0.9,1,5.8,
378,Malaki Branham,21,SAS,SG,46,0,8.9,1.8,4,0.446,0.7,1.8,0.398,1.1,2.2,0.485,0.535,0.5,0.7,0.806,0.1,0.9,1,0.8,0.2,0,0.7,0.6,4.9,
379,Jamal Cain,25,NOP,SF,36,0,13.2,1.7,4,0.431,0.7,2.1,0.329,1,1.9,0.544,0.517,0.8,1.2,0.69,0.7,1.6,2.3,0.6,0.6,0.3,0.6,1.2,4.9,
380,Trevelin Queen,27,ORL,SG,31,2,13.9,1.8,4.7,0.381,0.7,2.5,0.286,1.1,2.3,0.486,0.456,0.6,0.7,0.857,0.8,0.9,1.7,1.2,1,0.3,0.7,1.2,4.9,
381,Kai Jones,24,2TM,C,39,6,11.3,2.1,2.6,0.804,0,0.1,0.25,2.1,2.5,0.827,0.809,0.6,0.8,0.733,1,2,3,0.6,0.4,0.6,0.4,1.3,4.8,
381,Kai Jones,24,LAC,C,28,0,7.4,0.9,1.3,0.722,0,0.1,0,0.9,1.2,0.765,0.722,0.3,0.4,0.75,0.5,1.1,1.6,0.4,0.2,0.5,0.4,0.8,2.2,
381,Kai Jones,24,DAL,C,11,6,21.3,5.1,6,0.848,0.1,0.2,0.5,5,5.8,0.859,0.856,1.2,1.6,0.722,2.1,4.4,6.5,1.2,0.7,0.9,0.5,2.5,11.5,
382,David Roddy,23,3TM,PF,32,3,12.7,1.7,3.8,0.447,0.6,1.9,0.311,1.1,1.9,0.581,0.524,0.6,0.8,0.833,0.4,2.2,2.6,1.1,0.4,0.3,0.7,0.6,4.7,
382,David Roddy,23,ATL,PF,27,3,12.8,1.6,3.4,0.473,0.6,1.6,0.372,1,1.9,0.56,0.559,0.7,0.8,0.818,0.4,2.2,2.6,1.1,0.4,0.3,0.7,0.7,4.5,
382,David Roddy,23,PHI,PF,3,0,9.7,2.7,6.3,0.421,0.7,3.7,0.182,2,2.7,0.75,0.474,0,0,,0.7,2.3,3,1,0.7,0,0.3,0.3,6,
382,David Roddy,23,HOU,PF,2,0,15.5,1.5,5.5,0.273,0.5,3.5,0.143,1,2,0.5,0.318,1,1,1,0,2,2,1,0,0.5,0.5,0.5,4.5,
383,Lindy Waters III,27,2TM,SG,51,9,14.6,1.7,4.6,0.369,1.1,3.3,0.341,0.5,1.2,0.444,0.494,0.2,0.2,0.727,0.4,1.6,2,1,0.5,0.2,0.4,1.2,4.7,
383,Lindy Waters III,27,GSW,SG,38,9,17.2,2,5.4,0.371,1.3,3.9,0.331,0.7,1.5,0.474,0.49,0.2,0.3,0.727,0.4,2.1,2.5,1.1,0.6,0.3,0.4,1.4,5.5,
383,Lindy Waters III,27,DET,SG,13,0,6.8,0.8,2.2,0.357,0.7,1.7,0.409,0.1,0.5,0.167,0.518,0,0,,0.3,0.3,0.6,0.7,0.3,0,0.2,0.5,2.2,
384,Taylor Hendricks,21,UTA,PF,3,3,25,1.3,6,0.222,1,4,0.25,0.3,2,0.167,0.306,1,1.3,0.75,1.7,3.3,5,0.7,1.7,1.3,0.7,2.7,4.7,
385,Drew Eubanks,27,2TM,C,61,4,12.2,1.9,3.2,0.593,0,0.1,0.5,1.8,3.1,0.596,0.601,0.8,1.2,0.662,1,2.7,3.7,0.9,0.2,0.6,0.7,1,4.6,
385,Drew Eubanks,27,UTA,C,37,4,15.4,2.4,3.9,0.607,0.1,0.1,0.6,2.3,3.8,0.607,0.617,1,1.5,0.632,1.1,3.5,4.5,1.2,0.3,0.9,0.8,1.2,5.8,
385,Drew Eubanks,27,LAC,C,24,0,7.4,1.1,2,0.551,0,0,0,1.1,2,0.563,0.551,0.5,0.6,0.786,0.8,1.6,2.4,0.4,0.1,0.3,0.4,0.7,2.7,
386,Jock Landale,29,HOU,C,41,3,12,1.9,3.6,0.517,0.2,0.6,0.4,1.6,3,0.541,0.551,0.7,1,0.675,1.3,1.9,3.3,0.9,0.3,0.2,0.5,1.2,4.6,
